	1	2	3	4	5	6	7	8	9	10	11	12	13	14	15	16	17	18	19	20	21	22	23	24	25	26	27	28	29	30	31	32	33	34	35	36	37	38	39	40	41	42	43	44	45	46	47	48	49	50	51	52	53	54	55	56	57	58	59	60	61	62	63	64	65	66	67	68	69	70	71	72	73	74	75	76	77	78	79	80	81	82	83	85	86	87	88	89	90	91	92	93	94	95	96	98	99	100	101	102	103	105	106	107	108	109	110	111	112	113	114	115	116	117	84	118	119
1	12.1227	1.80513	2.16271	5.65515	3.86115	0.426989	2.56341	11.9246	28.6005	6.83059	2.59366	13.2818	8.89363	4.58671	0.5746	4.15651	2.51951	0.25036	0.695807	3.50427	2.17249	0.0830084	0.4261	0.027664	2.07616	0.0445653	1.61667	0.0868816	0.525344	0.600992	1.04414	1.16378	0.673738	3.08866	1.67094	2.07341	3.75812	7.66285	3.37343	1.59079	2.69399	2.19998	1.42276	3.54812	0.685223	1.01256	0.0692491	1.57356	9.58138	18.8569	1.21413	0.527797	0.113267	0.315453	0.421799	0.826382	1.91704	1.25611	1.34056	0.256485	0.0350766	0.074434	0.0742793	0.161296	0.190155	0.978874	0.527782	0.670256	0.930281	0.363661	0.543936	1.06807	1.89572	2.62491	1.88588	2.58683	2.61325	3.09836	0.294802	0.245768	0.113607	0.229639	0.114496	1.85305	0.523334	0.835306	0.205434	0.289375	2.1188	0.0625808	0.279393	0.138728	0.0855715	0.147258	0.0658709	0.379897	0.277975	0.164554	1.08759	2.20546	5.46553	12.1666	9.02881	4.28737	1.51442	3.29908	4.63729	5.20563	0.729602	7.22681	10.1262	4.66033	1.08704	0.246545	15.1526	5.87488	55.3237
2	4.2907	1.48895	1.14246	2.32938	1.78775	0.194654	1.17933	4.9067	11.681	2.7833	1.2974	6.7561	4.45114	2.10236	0.28011	1.90803	1.30285	0.108735	0.279232	1.821	1.07377	0.0378911	0.175573	0.0127309	0.812639	0.0206132	0.823339	0.0421785	0.273561	0.296065	0.532017	0.474901	0.311506	1.35555	0.780579	1.00729	1.8065	3.66587	1.63171	0.769229	1.40437	1.14264	0.737911	1.8224	0.296339	0.46553	0.0316647	0.644373	4.0949	7.2137	0.539248	0.238726	0.0514244	0.130831	0.178804	0.335264	0.842599	0.534268	0.69767	0.132496	0.0158658	0.0335817	0.0334958	0.0772906	0.0774132	0.434222	0.276518	0.333762	0.452135	0.186815	0.264511	0.556198	0.97828	1.35828	0.982853	1.24596	1.27353	1.50108	0.142452	0.117267	0.0543495	0.110189	0.0546617	0.878866	0.271781	0.433455	0.104787	0.146029	1.08772	0.032152	0.144104	0.0716987	0.0443145	0.0759768	0.0318014	0.194024	0.116802	0.0731258	0.548316	1.07858	2.87925	6.45781	4.5115	2.21027	0.605442	1.35486	2.1296	2.40383	0.326547	2.90151	4.24432	2.07997	0.461067	0.11662	6.62224	2.30469	21.7101
3	1.71593	0.383625	1.49992	1.90047	1.25078	0.138594	0.832431	1.66007	6.05826	2.31003	0.769146	4.02041	3.37364	1.57008	0.172786	1.44903	0.847184	0.0848656	0.254921	1.26656	0.874892	0.0278552	0.148003	0.00965277	0.696171	0.0155676	0.509774	0.0282258	0.180052	0.193354	0.332052	0.43016	0.261741	1.17552	0.655697	0.842021	1.53355	3.05705	1.35911	0.644722	0.967127	0.804643	0.502294	1.16667	0.26044	0.373802	0.0246354	0.490041	3.21347	6.0761	0.464011	0.192589	0.0421175	0.117541	0.152508	0.305359	0.734984	0.462191	0.428369	0.0818032	0.0118281	0.0251527	0.0251302	0.0631921	0.0694877	0.343547	0.188915	0.245932	0.339022	0.130723	0.215009	0.379922	0.664441	0.924539	0.683536	1.05254	1.05518	1.25902	0.119547	0.0974596	0.0453297	0.0925099	0.0457005	0.755301	0.184758	0.294886	0.0724806	0.101982	0.74678	0.0211969	0.0945151	0.046924	0.0289602	0.0498393	0.0224455	0.128305	0.0937015	0.0561519	0.349001	0.856123	2.25324	4.91741	2.84707	1.29819	0.498931	1.09334	1.51154	1.6853	0.23536	2.41054	3.43707	1.61256	0.38888	0.101131	5.09114	0.823172	17.4631
4	1.03127	0.19864	0.393416	1.50601	1.194	0.140289	0.815119	0.799574	2.65335	1.39963	0.567264	2.56659	1.89847	1.53927	0.127482	1.41085	0.452238	0.0929628	0.346057	0.551228	0.403178	0.026147	0.189993	0.00948994	0.93694	0.0148506	0.261046	0.0203211	0.0868965	0.124859	0.17247	0.527011	0.175605	1.03766	0.42975	0.382594	0.68392	1.61677	0.629735	0.284233	0.448512	0.412171	0.270457	0.648532	0.250387	0.327627	0.0245893	0.650576	2.01296	4.88625	0.391382	0.173527	0.0357273	0.135016	0.178992	0.382619	0.662118	0.52427	0.19323	0.0385292	0.0115893	0.0249579	0.0250248	0.0382006	0.0938515	0.36064	0.0842748	0.143904	0.235568	0.0662854	0.125988	0.199058	0.329093	0.466323	0.310038	0.471661	0.466556	0.545676	0.0526119	0.0516699	0.0230102	0.043991	0.0232607	0.346732	0.0992465	0.158851	0.0416248	0.0585844	0.434601	0.0106878	0.042797	0.0213021	0.0132307	0.0241052	0.0167774	0.060055	0.0886399	0.0585278	0.219694	0.575713	0.889261	1.97715	1.90651	0.845494	0.469119	1.12251	1.55017	1.68642	0.248773	1.45705	3.13672	0.676733	0.188782	0.0453434	2.17482	0.482831	8.85035
5	0.737749	0.160895	0.268043	1.31177	2.01556	0.266722	0.96856	0.526603	1.53276	1.06906	0.495773	2.19585	1.62255	1.37627	0.120088	1.25562	0.374544	0.0826605	0.285531	0.359314	0.267125	0.0252763	0.166623	0.00919813	0.804496	0.0145226	0.204785	0.0178718	0.0600484	0.10093	0.122544	0.414124	0.125638	0.776752	0.307082	0.235059	0.429735	1.05847	0.404404	0.174383	0.353397	0.333524	0.212834	0.540235	0.190795	0.258554	0.0222828	1.15101	1.71151	4.06329	0.290689	0.15969	0.0302741	0.105177	0.146982	0.306722	0.497876	0.428131	0.136137	0.0288457	0.0111801	0.0239853	0.0240067	0.0292339	0.0783202	0.304726	0.0595354	0.106954	0.178065	0.0473736	0.0963696	0.173655	0.265833	0.375561	0.225619	0.288614	0.286351	0.317736	0.0319193	0.0352862	0.0151112	0.0271726	0.0152659	0.190273	0.0787614	0.125611	0.0330647	0.0443086	0.35126	0.0078478	0.0280115	0.0140405	0.00894604	0.0170226	0.0149799	0.0385474	0.0778691	0.0523817	0.182527	0.483218	0.607293	1.46947	1.74553	0.727678	0.398169	1.076	1.82659	2.3738	0.475537	1.16428	2.75765	0.402059	0.100317	0.0270743	1.40533	0.242228	6.08844
6	0.227822	0.0455763	0.0877426	0.469705	0.834683	0.223305	0.348156	0.181941	0.56315	0.367574	0.137818	0.667609	0.43802	0.293048	0.0291371	0.269619	0.120714	0.0159748	0.0514788	0.131557	0.0925433	0.00514835	0.0304815	0.00189026	0.14069	0.00298323	0.0594136	0.00414705	0.0196498	0.0259256	0.0375473	0.0781568	0.0320307	0.168733	0.0801544	0.0813823	0.147845	0.325135	0.132656	0.0634368	0.126958	0.116041	0.078062	0.16392	0.0399096	0.0565911	0.00460763	1.12365	0.599241	1.05106	0.0649102	0.0290149	0.0064962	0.0203538	0.0278997	0.0570514	0.107698	0.0775007	0.0467049	0.00918515	0.00226002	0.0048277	0.00482505	0.00795491	0.0141117	0.0610719	0.0212016	0.0300065	0.0447014	0.0149243	0.0275741	0.0516513	0.0848184	0.125121	0.0798132	0.100913	0.102015	0.116617	0.0116907	0.0106529	0.00475314	0.00910973	0.0047819	0.0680602	0.0288151	0.045943	0.0113336	0.0154824	0.119458	0.00248049	0.00998528	0.00500089	0.00313782	0.00564304	0.00344534	0.0134861	0.0152229	0.0103914	0.0508458	0.109022	0.21417	0.512705	0.469999	0.23837	0.116941	0.337905	0.63193	0.833363	0.513616	0.390569	0.728318	0.150417	0.0347059	0.0094986	0.499063	0.0816888	2.21385
7	0.981932	0.197911	0.380308	2.01324	2.25479	0.248983	2.91243	0.789712	2.43665	1.57534	0.608076	2.91901	1.94354	1.33905	0.126867	1.2327	0.525996	0.0713554	0.239218	0.57303	0.397406	0.0223191	0.141371	0.00816865	0.665868	0.01289	0.262182	0.0180462	0.0851145	0.115235	0.16573	0.362278	0.142629	0.768868	0.355943	0.354482	0.64491	1.42807	0.577345	0.275855	0.551371	0.50379	0.339078	0.721926	0.182287	0.257466	0.0199346	0.856936	2.584	4.6622	0.294599	0.12556	0.0283183	0.0940207	0.12945	0.265057	0.490929	0.359082	0.202893	0.0398734	0.00982582	0.0210198	0.0210187	0.0344391	0.065633	0.281662	0.0922068	0.132631	0.200031	0.0648541	0.121268	0.223372	0.370811	0.545322	0.347664	0.441377	0.442387	0.507973	0.0508583	0.0459603	0.0205536	0.0395549	0.0206812	0.298068	0.12508	0.199476	0.0494709	0.0680377	0.521576	0.0108121	0.0438165	0.0219079	0.0137249	0.0246187	0.0149676	0.0593008	0.0660399	0.0467784	0.225343	0.486756	0.923832	2.21249	2.04311	1.03116	0.514892	1.49173	3.0465	3.09114	0.425557	1.69077	3.23348	0.648239	0.152705	0.0417666	2.15294	0.358354	9.53804
8	4.64887	0.818069	0.842406	1.89478	1.32501	0.148025	0.885539	9.2328	20.8665	2.3702	1.23228	5.9158	4.36441	2.85143	0.281757	2.56038	1.06729	0.159597	0.505183	1.23065	0.784771	0.0467423	0.312856	0.0156732	1.63049	0.024806	0.658836	0.041755	0.196841	0.268577	0.405934	0.793635	0.299005	1.66718	0.738666	0.717199	1.28505	2.93889	1.16128	0.530633	1.06274	0.890719	0.574625	1.4466	0.392339	0.552871	0.0393987	0.484794	3.29587	8.20188	0.633753	0.278651	0.0599587	0.205144	0.285454	0.570197	1.05332	0.802659	0.484875	0.0964884	0.0204373	0.04356	0.0434328	0.0657376	0.140909	0.619742	0.19099	0.279164	0.437763	0.139671	0.227161	0.452197	0.796821	1.08474	0.68178	0.879619	0.891435	1.02828	0.0978794	0.0913665	0.041039	0.0795141	0.0418009	0.611896	0.209562	0.3382	0.0839055	0.11471	0.875373	0.0242764	0.101148	0.0505029	0.0314113	0.0565729	0.0328025	0.14075	0.21169	0.100493	0.466961	1.18548	2.06921	4.68082	4.26098	1.81267	0.58124	1.19393	1.7174	1.84613	0.246696	2.38414	4.50165	3.0986	0.713208	0.081401	9.12613	4.25048	18.1646
9	3.14726	0.590598	0.759209	1.53517	0.842581	0.103332	0.59454	4.3772	16.9021	2.02095	1.22478	5.37875	5.22906	4.88198	0.299251	4.29786	0.852141	0.297177	1.26391	0.802186	0.709844	0.0705025	0.690211	0.0250287	3.71446	0.0386177	0.636671	0.0526103	0.152624	0.322055	0.356067	1.91136	0.458945	3.31098	1.11994	0.621026	1.12681	3.41468	0.994541	0.417295	0.649687	0.638222	0.339131	1.33682	0.824515	1.0215	0.0664185	0.314601	2.6663	10.9798	1.21289	0.480101	0.106441	0.478387	0.636423	1.38678	2.13342	1.79953	0.316442	0.0714411	0.0327422	0.0704936	0.0704103	0.0808281	0.343505	1.23198	0.127728	0.320287	0.632681	0.121756	0.28841	0.313686	0.601052	0.784116	0.478894	0.755186	0.725063	0.795858	0.0761719	0.0932337	0.0400558	0.0722028	0.0422427	0.510419	0.124629	0.200987	0.0544326	0.070042	0.658671	0.0189514	0.0640111	0.0321705	0.0205992	0.0409292	0.0414251	0.0933924	0.469464	0.187825	0.510923	2.04255	1.73034	3.82841	4.37756	1.47558	0.68075	1.21106	1.45612	1.32614	0.169277	1.89389	6.56133	2.8941	0.751387	0.0674316	10.3344	3.13246	11.6352
10	1.87625	0.372502	0.754657	2.16821	1.57078	0.186489	1.07757	1.55718	5.17482	2.41501	0.832581	3.9815	3.16489	2.03584	0.216787	1.86869	0.772747	0.15188	0.467624	1.12577	0.781371	0.0512018	0.258758	0.0177457	1.21079	0.0285243	0.472689	0.0380252	0.171076	0.219091	0.323572	0.713318	0.302011	1.56444	0.728163	0.766818	1.40483	2.96108	1.22801	0.578751	0.862424	0.733549	0.454531	1.0614	0.369013	0.501502	0.0466393	0.879003	4.1563	8.05567	0.60067	0.251005	0.0548977	0.186895	0.247412	0.519305	0.983649	0.714878	0.392147	0.0771216	0.0216299	0.0458958	0.0456644	0.0732015	0.1266	0.507327	0.171563	0.264868	0.392664	0.129984	0.221137	0.351833	0.621906	0.858012	0.628389	0.953252	0.947289	1.1145	0.107032	0.106954	0.0474262	0.0903754	0.0482319	0.714947	0.166907	0.267075	0.0713413	0.101049	0.703576	0.0215432	0.0880977	0.0436341	0.0270235	0.0486951	0.0335365	0.124106	0.180598	0.0935517	0.372811	0.91694	1.72744	3.83183	2.78673	1.50364	0.671384	1.37993	1.97621	2.14828	0.331287	3.25941	5.26899	1.32814	0.383642	0.0957874	4.29296	0.944804	18.3207
11	1.95829	0.41757	0.708358	1.96956	1.66112	0.188717	1.11159	2.11815	5.41331	2.04915	1.178	6.51535	4.21323	1.95844	0.220492	1.76292	1.18844	0.0757377	0.211327	1.47773	0.707241	0.025907	0.126213	0.00960936	0.5864	0.0153657	0.565604	0.028521	0.179945	0.218108	0.370327	0.300666	0.212886	0.896078	0.510631	0.68285	1.21564	2.46353	1.20623	0.604689	1.33728	1.05674	0.704455	1.64321	0.190456	0.350807	0.0214172	0.978061	3.67834	5.4635	0.361094	0.140882	0.0302238	0.0831658	0.127863	0.2366	0.547043	0.377171	0.47985	0.0935114	0.011362	0.024356	0.0244822	0.0610538	0.0589406	0.33465	0.23094	0.270934	0.341168	0.146912	0.234852	0.508605	0.914363	1.27395	0.829115	0.905573	0.85846	1.08642	0.111525	0.0813262	0.0380108	0.0777614	0.038402	0.660389	0.256986	0.411796	0.103131	0.152188	1.02017	0.0252281	0.11779	0.0582555	0.0354096	0.0602863	0.0243785	0.164418	0.0777118	0.0523068	0.429614	0.891343	2.28726	5.6633	4.21228	2.12923	0.48954	1.16943	1.94233	2.20183	0.340319	2.61195	3.72186	1.2881	0.345247	0.0939615	3.8302	1.2906	14.813
12	5.58353	1.21248	1.98731	5.23613	4.34263	0.504738	2.93387	5.82961	16.2939	5.65136	3.50889	18.7522	14.9338	7.70578	0.816858	6.89995	3.84061	0.337293	1.02235	4.70199	2.18777	0.111542	0.604766	0.0420096	2.9235	0.0668364	1.90015	0.109055	0.589118	0.759871	1.17645	1.31025	0.735425	3.38395	1.73292	2.15631	3.80129	8.14911	3.93413	1.9343	4.21337	3.36095	2.14012	5.401	0.749778	1.30468	0.0883705	2.8533	9.74637	16.5558	1.33828	0.584539	0.116144	0.353668	0.55001	1.04797	2.05606	1.60178	1.4712	0.30704	0.0505376	0.10855	0.109046	0.213841	0.28607	1.38665	0.736255	0.909279	1.18141	0.483909	0.793579	1.67462	2.952	4.07956	2.63979	2.91463	2.73389	3.46997	0.357179	0.273901	0.126484	0.254491	0.128053	2.15599	0.791741	1.2507	0.318473	0.472588	3.2437	0.0798279	0.365172	0.180353	0.109548	0.18875	0.0887638	0.516233	0.310573	0.222385	1.44098	3.2035	7.43252	17.8815	14.2931	5.74171	1.39378	3.23195	5.21535	5.81504	0.920654	7.08547	11.0961	3.85396	1.10223	0.3	11.5769	3.79852	39.429
13	5.58947	1.30434	2.34908	4.80295	3.94534	0.460404	2.6594	5.75745	17.7218	5.95126	3.22273	20.3766	38.4574	7.69209	1.01358	6.82098	3.95375	0.450994	1.07379	4.7671	2.498	0.17056	0.617643	0.0640731	2.6902	0.10329	1.96262	0.142322	0.631115	0.791906	1.16728	1.37265	0.808638	3.53431	1.97809	2.46172	4.29179	9.09299	4.47631	2.03375	4.18178	3.348	2.10483	5.65396	0.817075	1.3002	0.131215	2.52285	9.08682	16.6174	1.4132	1.07048	0.168596	0.374113	0.531642	1.02442	2.18363	1.79911	1.5104	0.326416	0.0758546	0.162288	0.162854	0.255544	0.296915	1.36632	0.763787	0.952532	1.19905	0.517538	0.811478	1.94189	3.01194	4.10289	2.69035	3.12244	3.13743	3.73227	0.378038	0.34237	0.153896	0.297751	0.15621	2.40817	0.780507	1.23318	0.31538	0.453919	3.18053	0.0840974	0.355668	0.176609	0.108764	0.192199	0.116459	0.502449	0.53862	0.269665	1.44007	3.48104	8.28525	20.296	15.8263	5.33926	1.42027	3.17137	4.69708	5.33164	0.823914	7.0008	10.1661	4.49889	1.29589	0.313985	13.7253	3.7892	41.8843
14	6.45085	1.36454	2.61008	6.42816	5.43693	0.621586	3.63605	7.31632	22.0687	6.9539	3.62274	23.4742	16.6542	7.30882	1.03245	7.14258	5.99366	0.271804	0.606238	8.12517	3.42645	0.103654	0.356907	0.0388679	1.47882	0.0628349	2.85728	0.131894	0.945412	1.03166	1.83513	0.891314	0.972026	3.53557	2.30928	3.4997	6.14764	12.5139	6.52845	3.31928	6.92974	5.43412	3.55825	8.21591	0.718017	1.42767	0.0807801	3.68649	11.6822	16.0928	1.47511	0.568147	0.118952	0.267628	0.398605	0.693271	2.09136	1.27663	2.41885	0.485729	0.0448142	0.0957907	0.0963031	0.307589	0.166958	1.26761	1.26055	1.37305	1.5834	0.767903	1.14711	2.62499	4.649	6.49721	4.51581	4.93461	4.47663	5.90291	0.614974	0.423347	0.200108	0.415502	0.20262	3.6419	1.31348	2.076	0.51576	0.778739	5.20914	0.126983	0.611139	0.301151	0.182143	0.304145	0.110185	0.85961	0.311013	0.195363	2.07002	2.80145	10.033	26.0465	17.5075	6.56678	1.53649	3.73241	6.22203	7.13681	1.14244	8.54187	10.8017	5.80464	1.64806	0.516568	16.9955	5.25113	49.8408
15	2.85034	0.612791	1.03497	2.4302	2.06448	0.224886	1.36348	2.96612	7.54584	2.67316	1.53507	10.0871	7.07	3.72483	0.759386	3.1468	2.41631	0.1248	0.310919	2.95705	1.25989	0.045179	0.193595	0.0165254	0.819003	0.0269955	1.10554	0.0521949	0.352057	0.407741	0.699733	0.473425	0.373153	1.51555	0.88947	1.20603	2.15473	4.53148	2.29598	1.16203	2.68266	2.14167	1.34639	3.29477	0.318697	0.607212	0.0362142	0.749523	4.35974	6.58945	0.612271	0.250997	0.0560362	0.134079	0.20123	0.363811	0.890798	0.587198	0.914832	0.183167	0.0193495	0.0409775	0.0409562	0.117368	0.0863446	0.566965	0.471157	0.511588	0.631058	0.289066	0.447424	1.03344	1.82968	2.55027	1.68661	1.73664	1.5642	2.02535	0.212553	0.145543	0.0676461	0.137629	0.0679935	1.09943	0.502467	0.789708	0.187469	0.266166	2.01194	0.0455059	0.207138	0.10289	0.0636455	0.107366	0.0409688	0.278148	0.114947	0.0880499	0.821873	1.18735	3.89461	10.382	7.92544	2.56578	0.598379	1.44331	2.43115	2.75348	0.378293	2.87855	4.39	1.95802	0.455923	0.169431	6.31901	1.47277	20.0397
16	5.5951	1.16904	2.29576	5.71992	4.83192	0.549865	3.22356	6.33186	18.9196	6.15113	3.09002	20.0221	14.1958	6.71744	0.822029	6.53573	6.04447	0.24419	0.574781	8.20816	3.40352	0.0910265	0.3403	0.034554	1.43899	0.055594	2.93769	0.126164	0.947447	1.02735	1.82779	0.855518	0.97078	3.5185	2.27681	3.48225	6.1283	12.5589	6.5768	3.34323	7.01152	5.5478	3.5945	8.77424	0.699253	1.40965	0.0701363	3.25889	10.2407	14.1057	1.46946	0.550713	0.114962	0.259943	0.386535	0.663005	2.05204	1.26037	2.40234	0.485794	0.0395994	0.0850105	0.0857314	0.302157	0.158676	1.25807	1.27127	1.37444	1.58318	0.768474	1.15921	2.69671	4.70307	6.57234	4.55464	4.92381	4.48146	5.95109	0.619717	0.416874	0.198314	0.415218	0.200658	3.66681	1.32659	2.09657	0.515595	0.78101	5.25893	0.12622	0.61337	0.302084	0.18249	0.303422	0.104007	0.862143	0.255209	0.182253	2.06388	2.38443	8.50552	22.0603	14.9432	5.66475	1.36709	3.32016	5.53147	6.34692	1.00906	7.47736	9.46676	5.11387	1.47563	0.52026	14.9121	4.56205	43.267
17	1.11901	0.242221	0.441399	1.05579	0.873785	0.0992203	0.586886	1.10951	3.15772	1.19586	0.698136	4.2371	3.17448	2.09736	0.201533	2.1945	1.44618	0.110535	0.352657	1.8089	0.761292	0.0355418	0.214708	0.01356	1.01995	0.0215837	0.70186	0.0379181	0.221996	0.274041	0.434499	0.452344	0.256549	1.18521	0.603346	0.748545	1.3457	2.92145	1.42485	0.714441	1.62235	1.28919	0.803738	1.79163	0.259684	0.462873	0.0277558	0.442398	1.90758	3.54588	0.467088	0.180415	0.0394459	0.122232	0.191896	0.363032	0.704885	0.543561	0.543471	0.114033	0.0162647	0.0348706	0.0349659	0.0775345	0.0988841	0.508161	0.288017	0.339553	0.433516	0.180902	0.295963	0.693771	1.15046	1.57549	1.02133	1.07112	0.961423	1.25762	0.13131	0.0935066	0.043404	0.0881332	0.0437739	0.73016	0.299199	0.470481	0.114638	0.167507	1.2234	0.0291322	0.133523	0.0659394	0.0404329	0.0683769	0.029149	0.183853	0.0750182	0.076332	0.538201	0.600203	1.60113	4.23984	3.40305	1.125	0.280901	0.650766	1.07022	1.17859	0.173537	1.31388	2.28436	0.905704	0.240497	0.109108	2.84068	0.692058	8.73792
18	1.73134	0.374011	0.718897	1.56827	1.12049	0.122264	0.739463	1.66618	5.17153	1.9355	0.754891	4.81746	3.42603	1.82985	0.221333	1.93481	1.84275	0.132836	0.23265	3.69979	1.26822	0.0358706	0.144521	0.0131397	0.611768	0.0214944	1.13194	0.0508158	0.386196	0.393671	0.7014	0.36575	0.377009	1.4183	0.843194	1.20763	2.14701	4.39157	2.17003	1.08182	2.24077	1.78236	1.14299	2.48637	0.277464	0.565327	0.0287608	0.437947	2.68559	4.68941	0.583245	0.235809	0.0505065	0.110055	0.162634	0.287385	0.904611	0.585116	0.920748	0.189678	0.0156016	0.0330349	0.0330403	0.11574	0.0644331	0.486841	0.467933	0.615119	0.736024	0.368955	0.388741	0.90576	1.51086	2.09531	1.54935	1.59512	1.57676	1.95475	0.198852	0.140153	0.0659588	0.136446	0.06631	1.11883	0.414808	0.67012	0.166117	0.228775	1.60152	0.072331	0.347538	0.17159	0.105086	0.174018	0.0532416	0.471625	0.100877	0.0932306	1.14453	0.656188	2.17346	5.36845	3.86243	1.32803	0.39082	0.876104	1.3222	1.49639	0.205839	1.96602	2.60755	1.56888	0.411082	0.163303	4.98967	0.946078	14.9801
19	2.24609	0.461435	1.07252	2.53944	1.79161	0.200279	1.189	2.23338	8.68177	3.05136	1.06167	6.94191	4.91989	2.3592	0.298493	2.51799	2.57611	0.113175	0.306916	5.3915	2.26152	0.0476332	0.166666	0.0182507	0.647593	0.0299065	1.33653	0.0641133	0.602525	0.618104	1.04524	0.469011	0.58622	2.08555	1.43397	2.17354	3.91933	7.63536	3.83594	1.91988	3.23346	2.64543	1.69964	3.18241	0.427643	0.805338	0.035448	0.99983	4.2544	7.05751	0.874765	0.367586	0.0744437	0.148249	0.202903	0.336679	1.25091	0.651621	1.38037	0.28095	0.0204417	0.0435505	0.0437935	0.19863	0.0759003	0.76215	0.858694	0.871031	0.957861	0.48289	0.674936	1.27144	2.14484	2.9708	2.65372	2.85698	2.80779	3.52912	0.355267	0.248921	0.118752	0.25016	0.119979	2.17521	0.629051	0.99333	0.240296	0.355784	2.49089	0.0652521	0.316003	0.155818	0.0944545	0.157618	0.0519328	0.438367	0.122039	0.0872446	1.0124	0.937638	3.1954	7.92468	5.33238	1.9278	0.611775	1.40182	2.0624	2.36395	0.355639	3.31428	3.83042	2.502	0.677355	0.296929	7.55803	1.59976	23.4482
20	0.311875	0.0690758	0.0927291	0.169609	0.0867799	0.0122074	0.0668681	0.133657	0.343342	0.259377	0.242116	1.05994	0.996491	1.41088	0.086288	1.42574	0.272579	0.134383	0.532379	0.940016	0.237943	0.0371382	0.487725	0.0203693	1.52768	0.0314459	0.199469	0.0230047	0.049144	0.141059	0.138711	0.627879	0.161714	1.1741	0.339643	0.149383	0.296323	1.07489	0.318748	0.138346	0.211206	0.228604	0.111941	0.415697	0.290593	0.462369	0.0402233	0.0318201	0.302298	1.91704	0.430786	0.165016	0.0374654	0.17322	0.289469	0.603575	0.847265	1.11423	0.119614	0.0281819	0.017703	0.0384085	0.0385855	0.0464559	0.161553	0.819037	0.130322	0.327621	0.419527	0.10573	0.126702	0.169136	0.222147	0.274743	0.225011	0.236163	0.183918	0.22306	0.0246472	0.0324925	0.0131698	0.0213723	0.0132126	0.129561	0.0426262	0.0667228	0.0187699	0.0231896	0.24132	0.00751499	0.0217241	0.0109297	0.0071837	0.0151452	0.0194051	0.0307563	0.0623564	0.0881356	0.197204	0.298801	0.206336	0.574695	1.01385	0.222577	0.0897848	0.151633	0.197719	0.154636	0.0190863	0.201392	1.0716	0.100302	0.0276101	0.0211677	0.421222	0.0622462	1.34742
21	0.782635	0.16812	0.377163	0.850833	0.544928	0.0621061	0.368468	0.657838	2.52565	1.05192	0.357756	1.96313	1.6842	1.1402	0.10656	1.16588	0.650947	0.0814543	0.308932	1.65996	1.57071	0.0512039	0.199041	0.0108135	1.12797	0.0171942	0.383616	0.0295541	0.156723	0.313132	0.617075	0.6865	0.412848	1.87363	0.947189	1.10262	2.05648	4.09998	1.83205	0.862869	0.994897	0.953739	0.56433	0.846429	0.410477	0.702974	0.0426757	0.230131	1.44679	3.35742	0.739658	0.31831	0.0636858	0.188995	0.28248	0.510615	1.15637	1.07302	0.757625	0.129425	0.0177529	0.0338352	0.0298829	0.0647327	0.0852959	0.411974	0.203907	0.370082	0.52844	0.173743	0.213906	0.406364	0.671195	0.924179	0.896308	1.3941	1.40095	1.68666	0.160023	0.129629	0.0604072	0.123751	0.060925	1.02347	0.211184	0.331133	0.0788172	0.112571	0.875077	0.0186906	0.0826866	0.0408935	0.0253003	0.0433525	0.0207413	0.112897	0.0649784	0.0598959	0.339683	0.425752	0.975348	2.23621	1.59901	0.649385	0.234204	0.501962	0.690462	0.744306	0.106058	1.08005	1.82054	0.76669	0.207543	0.135072	2.51278	0.392197	8.28962
22	0.708543	0.154895	0.286092	0.608926	0.455129	0.0496101	0.300906	0.66056	1.95306	0.763114	0.320354	2.04038	1.42103	0.781885	0.0955859	0.834291	0.782157	0.0444355	0.114144	1.52076	1.49223	0.0370935	0.0848955	0.0071507	0.440717	0.0134752	0.555006	0.0325583	0.18264	0.514824	0.880791	0.288962	0.363684	1.29858	0.712563	1.02106	1.83765	3.69267	1.69716	0.837889	0.99854	0.878004	0.575109	0.943953	0.258195	0.584042	0.022462	0.159785	1.05278	1.8804	0.543358	0.24858	0.0473163	0.0943767	0.144524	0.236938	0.720219	0.530729	1.15936	0.267005	0.0120079	0.0231395	0.0209255	0.0563454	0.0335732	0.25344	0.240703	0.293346	0.416169	0.149379	0.159906	0.399541	0.655094	0.907161	0.894681	1.32152	1.407	1.94724	0.155595	0.110882	0.0526239	0.110152	0.0528473	0.90841	0.215317	0.337462	0.0770235	0.108593	0.857919	0.0197332	0.0908863	0.0451296	0.027876	0.0468259	0.0166981	0.122019	0.0400251	0.0328808	0.3165	0.257258	0.825953	2.15382	1.66839	0.569921	0.151589	0.34146	0.541125	0.608579	0.0822163	0.754954	1.05156	0.600517	0.145397	0.124499	1.94335	0.348455	5.90453
23	1.00263	0.21111	0.416145	0.979174	0.76084	0.0852074	0.50367	1.03812	3.43803	1.19285	0.457246	2.9814	2.12477	1.0083	0.134856	1.07131	1.10755	0.0515065	0.114864	4.07359	1.01728	0.0267572	0.093089	0.0097476	0.298819	0.0172254	0.580917	0.0289235	0.223253	0.261295	0.472679	0.199663	0.292126	0.997599	0.622019	1.00757	1.78601	4.45529	2.41853	1.23764	1.57982	1.45426	1.02292	1.37504	0.193015	0.385043	0.0196424	0.470684	1.66269	2.66969	0.423046	0.170948	0.0344249	0.0666359	0.0921533	0.149284	0.5717	0.359761	0.648369	0.119444	0.00984593	0.0211033	0.0212825	0.098799	0.0333471	0.411654	0.521548	0.782097	0.617185	0.246891	0.250892	0.630517	1.01377	1.40765	1.70681	1.81906	1.46053	2.13634	0.229117	0.147124	0.0703841	0.148569	0.0711288	1.30699	0.378468	0.59731	0.14233	0.212396	1.49236	0.0285713	0.137374	0.0678945	0.041084	0.0690372	0.0236633	0.192033	0.0562694	0.0388039	0.433736	0.362818	1.41474	3.6767	2.25916	0.839719	0.237687	0.545125	0.872407	1.00303	0.15241	1.2861	1.49129	0.967805	0.272268	0.191808	2.84726	0.749481	8.73655
24	0.226648	0.0497916	0.100886	0.230459	0.17632	0.0193227	0.116807	0.213746	0.70222	0.286566	0.124795	0.812151	0.583926	0.312319	0.0368253	0.334072	0.317863	0.0164188	0.0446394	0.989761	0.239351	0.0071507	0.0315447	0.00308148	0.119037	0.00500448	0.164875	0.00885792	0.0628674	0.0855209	0.139364	0.0697406	0.0704494	0.265739	0.157956	0.226198	0.411328	1.05118	0.564996	0.288335	0.380164	0.347711	0.238521	0.393406	0.0534961	0.113688	0.00541294	0.0638326	0.397355	0.726823	0.10907	0.0481086	0.00984574	0.0212352	0.0323645	0.0554785	0.150574	0.100558	0.183311	0.0378469	0.00310507	0.00656728	0.00656792	0.0346506	0.0133424	0.142048	0.159273	0.139327	0.142346	0.0770481	0.0727183	0.154241	0.251925	0.348719	0.41963	0.42742	0.329112	0.488719	0.052898	0.033443	0.0158399	0.0331078	0.0159357	0.274256	0.0891987	0.139806	0.0322237	0.0462077	0.355177	0.00742792	0.0347211	0.0171958	0.010562	0.0177475	0.00621094	0.0468645	0.0146507	0.0120745	0.120464	0.0987945	0.353707	0.944561	0.65788	0.216645	0.0576056	0.128811	0.208706	0.235514	0.032369	0.288367	0.396399	0.215443	0.0511483	0.043357	0.697329	0.115202	2.3056
25	3.84201	0.783057	1.45305	3.34728	2.61786	0.296376	1.73081	4.27006	13.6126	3.98099	1.47476	9.70246	6.61974	2.70457	0.392558	2.86685	3.30633	0.116162	0.185136	6.42788	3.75503	0.0781871	0.1135	0.0209554	0.473312	0.0390354	2.16107	0.110515	0.750791	1.32146	2.54598	0.501312	1.13269	3.53672	2.36081	3.84521	6.70291	13.1624	6.48407	3.25969	4.09162	3.44664	2.29737	4.09744	0.670954	1.54558	0.0546274	2.03289	5.67486	7.90341	1.54774	0.595844	0.112471	0.192691	0.277774	0.404727	1.9922	1.08994	3.38582	0.669746	0.033683	0.0649107	0.0598532	0.227051	0.0523757	0.728146	0.999209	1.04317	1.22546	0.582321	0.682816	1.5848	2.6733	3.70964	3.42657	4.94956	5.08337	7.012	0.613076	0.431749	0.208508	0.444255	0.211403	4.09108	0.842227	1.33761	0.325827	0.498194	3.29291	0.0922859	0.461122	0.227019	0.135544	0.225955	0.0706135	0.660994	0.156856	0.0930206	1.31811	1.16762	4.37588	10.979	6.87991	2.84882	0.787943	1.86233	2.93326	3.4183	0.552256	4.51964	4.64596	3.66579	1.09172	0.516769	10.1542	3.57232	26.8672
26	0.349288	0.0766766	0.154585	0.350607	0.267033	0.0291158	0.176469	0.323614	1.06224	0.439906	0.191804	1.24739	0.891221	0.485547	0.0578421	0.51891	0.489232	0.0266267	0.0716646	1.51958	0.367873	0.0134752	0.0546527	0.00500448	0.22003	0.0107135	0.251914	0.0139639	0.0965171	0.131667	0.212309	0.108321	0.107759	0.406122	0.24231	0.342633	0.619376	1.61005	0.865763	0.440261	0.578751	0.532081	0.362111	0.599521	0.0820951	0.175546	0.00889125	0.0942106	0.603429	1.11235	0.167191	0.076304	0.015437	0.0328475	0.0504014	0.0870359	0.231277	0.157642	0.280493	0.0581337	0.00512006	0.0108416	0.0108418	0.0541275	0.0214392	0.222346	0.245471	0.213225	0.218843	0.118874	0.112006	0.239214	0.385085	0.532725	0.642352	0.648379	0.50107	0.742981	0.0807151	0.0512266	0.0242011	0.0503572	0.0243136	0.412815	0.1355	0.212371	0.0486199	0.0690601	0.539257	0.0113285	0.0522816	0.0259603	0.0159856	0.0270082	0.00971151	0.0703404	0.023199	0.0191587	0.184223	0.154091	0.542264	1.44923	1.01674	0.331937	0.0883556	0.196912	0.316878	0.35738	0.0483468	0.436571	0.604556	0.326563	0.0758503	0.0650141	1.05887	0.171352	3.51893
27	1.1813	0.253736	0.452428	0.934066	0.726243	0.0808668	0.482877	1.12357	3.35163	1.15943	0.542542	3.38544	2.4714	1.51502	0.157672	1.62886	1.20105	0.0908373	0.246296	1.79276	0.756468	0.032831	0.151056	0.0108495	0.804076	0.0173153	1.33077	0.0442659	0.316097	0.30484	0.540454	0.336646	0.262217	1.09641	0.52372	0.66455	1.19606	2.52828	1.22878	0.612731	1.46702	1.23826	0.684747	2.24648	0.234776	0.438307	0.0245869	0.345126	1.62877	3.00529	0.442324	0.170353	0.0383011	0.104344	0.157536	0.28664	0.619316	0.488775	0.696191	0.142524	0.0147627	0.0314837	0.0314769	0.0710597	0.0696157	0.396638	0.271828	0.316014	0.410008	0.181001	0.261493	0.647837	0.941273	1.31603	0.871571	0.909103	0.875971	1.17472	0.112491	0.0802107	0.0374198	0.0764163	0.0376775	0.630568	0.248237	0.401074	0.0982774	0.141681	1.00075	0.0308865	0.143944	0.0712166	0.0435365	0.0736477	0.027954	0.19754	0.0680562	0.0637693	0.506149	0.482283	1.36453	3.55914	2.70271	0.905255	0.243386	0.547481	0.875234	0.975929	0.139253	1.18622	1.79188	0.987426	0.251403	0.0913378	3.08364	0.707223	8.30151
28	0.481856	0.104544	0.194447	0.40325	0.298587	0.0326112	0.197497	0.466133	1.37976	0.497154	0.208189	1.35934	0.962699	0.509997	0.0590051	0.546525	0.528122	0.0264949	0.0661501	0.882274	0.43954	0.0126008	0.0424474	0.00388881	0.218807	0.00638205	0.415228	0.0246087	0.133081	0.172604	0.328193	0.121673	0.137223	0.507787	0.253124	0.345726	0.626137	1.29118	0.604349	0.300025	0.58922	0.489172	0.306662	0.658853	0.102658	0.218415	0.00924798	0.108086	0.696915	1.19256	0.210019	0.087622	0.0184215	0.0394055	0.0593244	0.0997302	0.289486	0.202074	0.432246	0.0874867	0.00544284	0.011496	0.0116035	0.0329176	0.0195002	0.147623	0.140702	0.150714	0.183889	0.0852048	0.10233	0.235262	0.395273	0.550219	0.413859	0.470776	0.480979	0.667788	0.055562	0.039628	0.0186626	0.0386824	0.0187606	0.316336	0.114723	0.179808	0.0413653	0.0590123	0.457613	0.0131281	0.0620475	0.0306931	0.0188199	0.0314749	0.0104694	0.083801	0.0233273	0.0198756	0.208987	0.182076	0.585223	1.47278	1.09083	0.36477	0.0997413	0.224327	0.35249	0.398362	0.0547195	0.503404	0.680486	0.423021	0.101741	0.0446872	1.36063	0.256613	3.81411
29	0.491765	0.108194	0.211431	0.484023	0.328683	0.0363162	0.218731	0.455395	1.46696	0.59655	0.223752	1.39814	1.02588	0.642498	0.0664716	0.677665	0.52816	0.0400059	0.123642	0.934568	0.434423	0.0144233	0.071701	0.00509668	0.34732	0.0082445	0.434642	0.0188915	0.168659	0.132765	0.235303	0.179295	0.129101	0.544451	0.31358	0.412503	0.75434	1.52315	0.696093	0.33525	0.658384	0.532902	0.324379	0.718125	0.119085	0.193575	0.0109124	0.120473	0.816498	1.64489	0.21876	0.0950809	0.0197482	0.0509256	0.0700219	0.129063	0.325775	0.215679	0.302989	0.0623048	0.00643067	0.0136475	0.0136308	0.0430801	0.0340952	0.191532	0.137616	0.161534	0.203967	0.0937271	0.14246	0.282181	0.452201	0.623445	0.432116	0.531562	0.534569	0.643267	0.0621853	0.0481009	0.022559	0.0465534	0.0227076	0.381784	0.119965	0.190234	0.0462433	0.0659174	0.485186	0.0132591	0.0611937	0.0302925	0.018627	0.0314833	0.0120115	0.0827964	0.0301631	0.0278806	0.224985	0.226403	0.624266	1.4658	1.14991	0.36901	0.125602	0.276115	0.398325	0.442877	0.0610083	0.607488	0.880339	0.448768	0.10911	0.0508267	1.45615	0.249222	4.78078
30	0.818891	0.176355	0.318905	0.699918	0.537819	0.0596966	0.357331	0.774482	2.31762	0.871812	0.383114	2.40728	1.68621	0.960478	0.113263	1.01643	0.873887	0.0565719	0.16115	1.77494	1.14842	0.0391892	0.0993996	0.00903928	0.661591	0.0146295	0.59025	0.0361885	0.193245	0.664779	1.03036	0.409772	0.454904	1.67215	0.930981	1.3334	2.41517	4.78738	2.21661	1.09707	1.09818	0.956408	0.585031	1.0734	0.337362	0.762809	0.0273878	0.245265	1.21223	2.20543	0.69452	0.3206	0.0580581	0.128422	0.204475	0.344059	0.897335	0.658162	1.31275	0.267199	0.0155729	0.0298845	0.0267821	0.0682432	0.0477419	0.327049	0.285036	0.311016	0.411597	0.161322	0.192208	0.434274	0.731574	1.00916	1.09379	1.72782	1.81133	2.50752	0.204179	0.146188	0.0695109	0.145913	0.0700167	1.23615	0.218218	0.342874	0.0799195	0.114321	0.873695	0.0222293	0.103234	0.0511232	0.031386	0.0527867	0.019648	0.140907	0.0487677	0.040622	0.355907	0.306539	0.947387	2.45285	1.92577	0.67695	0.176269	0.399463	0.639554	0.718195	0.102149	0.887482	1.23841	0.68702	0.178193	0.168044	2.15625	0.470437	6.58831
31	0.383797	0.0822929	0.138642	0.30783	0.220015	0.0251335	0.14788	0.342158	1.01976	0.389033	0.177446	0.994758	0.735686	0.561208	0.0551074	0.574277	0.332322	0.0403414	0.134612	0.664296	0.51223	0.0270553	0.0844852	0.00561494	0.663582	0.0087883	0.242226	0.0183887	0.0752966	0.224661	0.607195	0.373862	0.266995	1.15846	0.417751	0.505193	0.909045	1.9174	0.841339	0.413912	0.452896	0.438965	0.258836	0.421605	0.274212	0.43478	0.0214697	0.12301	0.523141	1.18118	0.463653	0.248337	0.0415489	0.124664	0.169422	0.293669	0.546562	0.516371	0.554686	0.0873057	0.0114919	0.0218389	0.019162	0.0266609	0.04044	0.194173	0.0948585	0.149572	0.214204	0.0704393	0.0768273	0.183497	0.290175	0.400851	0.42232	0.647563	0.667847	0.909306	0.0770423	0.0622249	0.0289829	0.0590775	0.0292205	0.495553	0.0962229	0.151625	0.0364851	0.0525359	0.39625	0.00897421	0.0398855	0.0197768	0.0121453	0.0209567	0.0100122	0.0554407	0.0275405	0.027589	0.155179	0.159613	0.36738	0.945831	0.803823	0.279258	0.0852051	0.183201	0.275964	0.299422	0.0438008	0.395422	0.653811	0.291024	0.0796224	0.0636539	0.896837	0.230187	2.75682
32	1.99171	0.398965	0.890397	2.12614	1.47453	0.166962	0.978279	2.04817	7.82819	2.54622	0.688059	4.29751	3.30332	1.35367	0.199948	1.4104	1.44869	0.0779001	0.160132	3.10649	2.49887	0.0515441	0.0952307	0.0132127	0.456656	0.0209648	0.789013	0.0481291	0.352661	0.669766	1.57062	0.868138	1.44741	4.85121	2.65851	3.96151	7.04466	13.4191	6.91002	3.42048	2.29752	2.12104	1.50784	1.83304	0.784751	1.15366	0.0430231	1.04227	3.53084	5.50623	2.11426	0.852497	0.132763	0.241702	0.24709	0.417695	2.00905	0.879447	1.71896	0.290057	0.0207162	0.0405294	0.036919	0.122571	0.0446486	0.393311	0.438642	0.575171	0.726728	0.300666	0.390063	0.901283	1.4345	2.00374	3.07789	5.0475	4.9623	6.42238	0.641205	0.485682	0.234087	0.499299	0.237356	4.53924	0.575898	0.892291	0.212493	0.322718	2.18479	0.0437406	0.209358	0.10355	0.0625678	0.105328	0.037825	0.29593	0.106951	0.059977	0.642758	0.69061	2.44309	5.64477	3.09161	1.50371	0.504887	1.17242	1.67554	1.9339	0.305334	2.84325	3.04215	2.14952	0.656385	0.546749	6.14261	1.65628	18.1988
33	0.699057	0.144714	0.321525	0.738426	0.487558	0.0549603	0.325613	0.635871	2.42688	0.912308	0.277367	1.65277	1.27292	0.712142	0.0880875	0.745312	0.573499	0.051076	0.139825	1.3442	1.07434	0.0317439	0.0939368	0.00772047	0.527183	0.0123522	0.362987	0.024717	0.136216	0.328657	0.845173	0.638347	1.03422	3.38413	1.34667	2.24047	4.08997	5.96121	2.96921	1.47126	1.06978	1.02203	0.644508	0.851177	0.466029	0.71349	0.0282567	0.255513	1.23503	2.33109	1.409	0.455649	0.0790887	0.17292	0.201766	0.345335	1.0757	0.681372	0.809842	0.136189	0.013083	0.025132	0.022479	0.0511363	0.0396843	0.241554	0.180369	0.27454	0.380898	0.135125	0.160618	0.422309	0.657003	0.919555	1.30237	2.15318	2.15085	2.81647	0.274129	0.208715	0.0993908	0.209139	0.100309	1.8004	0.250075	0.383707	0.0893062	0.131069	0.959731	0.0175718	0.0800075	0.0396811	0.0243521	0.0414643	0.0173527	0.110273	0.0505979	0.0369882	0.288166	0.291573	0.862998	1.98953	1.31916	0.543411	0.185667	0.416544	0.580539	0.650463	0.0955398	0.953695	1.25869	0.703787	0.198332	0.228776	2.17044	0.430269	6.86543
34	3.17989	0.638267	1.38895	3.28065	2.25279	0.25516	1.49472	3.17027	12.0047	3.97075	1.14921	7.03572	5.26143	2.49864	0.343783	2.62075	2.34697	0.163146	0.390252	5.37475	4.00485	0.104721	0.247031	0.0259124	1.33651	0.0407264	1.43669	0.090038	0.553537	1.13998	2.83867	1.80415	2.90515	12.8862	4.43427	7.51562	13.4069	20.8558	10.6057	5.29267	4.14939	3.84309	2.51233	3.3596	1.4367	2.26054	0.0928794	1.57678	5.44226	8.99083	4.58703	1.40396	0.237895	0.502896	0.577715	0.964311	3.45053	2.04147	2.88891	0.493458	0.0429181	0.0832866	0.0749927	0.198254	0.109143	0.778968	0.724696	1.03023	1.36416	0.524937	0.629974	1.6476	2.56816	3.59403	4.78461	7.65041	7.61989	9.98026	0.99166	0.752526	0.360084	0.760053	0.364647	6.81767	0.959413	1.48705	0.354918	0.536288	3.6625	0.0735812	0.347363	0.171994	0.1041	0.176359	0.0674251	0.491131	0.191625	0.120749	1.12801	1.17119	3.77569	8.7132	5.14964	2.36712	0.803157	1.84087	2.59263	2.97157	0.463548	4.37588	4.96347	3.29219	0.990043	0.835442	9.43017	2.5182	27.9435
35	1.50967	0.312832	0.701632	1.63051	1.09059	0.123686	0.729705	1.42054	5.44355	1.98585	0.584687	3.44354	2.81224	1.48232	0.177645	1.52773	1.17713	0.0991557	0.293551	2.47095	2.11302	0.0563985	0.185861	0.0146495	1.01947	0.0234705	0.628069	0.0412063	0.284675	0.576993	1.07731	1.08415	1.14041	4.26556	3.16121	3.6647	6.67514	12.5636	6.06857	2.8805	1.76625	1.53189	1.13762	1.48451	0.786997	1.07511	0.0463715	0.609128	2.73602	5.11284	1.75501	0.808321	0.129948	0.298169	0.335478	0.705624	2.26084	0.986527	1.36697	0.228234	0.0232293	0.0446302	0.039909	0.106734	0.0829288	0.481313	0.349167	0.480306	0.638653	0.243193	0.338379	0.694677	1.18934	1.63826	2.59321	4.54156	4.58201	5.62467	0.537069	0.405062	0.192949	0.406467	0.195068	3.53738	0.440592	0.676833	0.158884	0.234382	1.69773	0.0346053	0.159123	0.0787651	0.0481931	0.0818122	0.0339313	0.22056	0.102554	0.0733725	0.554674	0.63612	1.87434	4.33884	2.69383	1.18646	0.410169	0.92121	1.29361	1.45269	0.218381	2.12966	2.7813	1.56551	0.458469	0.456162	4.787	1.00893	14.9518
36	0.567687	0.124644	0.255479	0.552431	0.338639	0.0394673	0.231826	0.427718	1.599	0.709485	0.270912	1.41475	1.26748	1.03934	0.0922032	1.05103	0.44889	0.0826925	0.309948	0.810306	0.734883	0.0413608	0.201437	0.0107722	1.14316	0.0168876	0.247419	0.0217797	0.102628	0.266459	0.413461	0.959167	0.605736	2.8223	1.17805	3.0093	5.84645	5.62973	2.65923	1.24455	0.613966	0.584878	0.444434	0.574102	0.500881	0.6396	0.0347578	0.138816	0.936278	2.62542	1.10572	0.575357	0.0766089	0.242716	0.295594	0.661327	1.35347	0.797615	0.49322	0.0858061	0.0176838	0.0334968	0.0293093	0.0478178	0.0869244	0.37595	0.120936	0.208357	0.31534	0.0920854	0.149921	0.259389	0.443573	0.605576	1.11315	1.8799	1.79712	2.42703	0.230594	0.193939	0.0895113	0.180739	0.0901611	1.46722	0.176597	0.269729	0.0628711	0.0884477	0.70767	0.0125649	0.0505585	0.025226	0.0158197	0.0282859	0.0178813	0.068939	0.0619099	0.0580369	0.243606	0.354112	0.642887	1.49206	1.23682	0.445024	0.168622	0.346699	0.459636	0.475273	0.065761	0.69764	1.42368	0.478778	0.133775	0.191829	1.60066	0.249235	5.18824
37	0.892246	0.17971	0.362301	0.763322	0.458355	0.0538246	0.315711	0.569545	2.1196	1.03854	0.402137	2.03292	1.841	1.61852	0.138567	1.63659	0.636934	0.131508	0.513687	1.11914	1.11051	0.0670398	0.32654	0.0173676	1.87753	0.0268577	0.358827	0.0337972	0.146624	0.40037	0.594548	1.57313	0.918384	4.4132	1.77903	4.60429	0	7.99691	3.71402	1.71357	0.842151	0.813109	0.606938	0.821646	0.791349	0.998973	0.0572454	0.184332	1.29785	3.94406	1.72766	0.982426	0.120732	0.39409	0.479072	1.09143	2.13134	1.3043	0.700982	0.123868	0.029162	0.0550905	0.0479122	0.0716822	0.143232	0.595513	0.168365	0.302508	0.471694	0.132283	0.218812	0.363237	0.619122	0.843085	1.53052	2.57812	2.47835	3.3331	0.316937	0.275437	0.125969	0.250671	0.126558	1.9849	0.238764	0.364542	0.0862114	0.119787	0.98072	0.0174786	0.0680678	0.0340138	0.0214376	0.0389352	0.0266621	0.0929489	0.0929778	0.0909139	0.351739	0.544146	0.884474	2.05673	1.80608	0.634583	0.244182	0.492373	0.643503	0.651944	0.0886974	0.953981	2.13423	0.644301	0.174976	0.258589	2.20204	0.319163	7.43319
38	2.37732	0.492369	0.997878	2.2702	1.49883	0.175825	1.01694	2.09517	7.77099	2.81562	1.00911	5.60936	4.74908	3.46387	0.32657	3.54127	1.77107	0.256457	0.942639	3.65396	2.55808	0.127538	0.707411	0.0383814	3.4536	0.0600458	0.968861	0.0746392	0.389559	0.886032	1.42368	2.85746	1.47095	7.00869	3.57014	4.70804	8.31798	18.6817	10.3509	4.9117	2.77167	2.67134	2.188	2.28808	1.50785	2.01704	0.106004	1.01212	3.81576	8.98208	2.74738	1.4313	0.219356	0.721981	0.902197	1.96751	4.07339	2.31326	1.71528	0.302191	0.0541638	0.102958	0.0916223	0.168347	0.268521	1.39125	0.579935	0.834668	1.26713	0.349274	0.537068	1.14668	1.80637	2.53628	4.80913	7.85321	6.41969	8.89558	0.914642	0.716455	0.33301	0.678651	0.337618	5.88019	0.85284	1.31567	0.318726	0.478074	3.36496	0.0517855	0.226643	0.112339	0.0687598	0.119367	0.0628681	0.315182	0.20405	0.183443	0.958795	1.23357	2.62614	6.12168	4.45595	1.75919	0.642583	1.37549	1.89652	2.0439	0.316339	3.00973	4.98124	2.14644	0.70122	0.80445	6.45198	1.62442	19.2303
39	0.770403	0.218057	0.282392	0.507634	0.326954	0.0442952	0.232636	0.463006	1.37311	0.773922	0.374688	1.79523	1.9259	1.81952	0.22246	1.77629	0.517248	0.214307	0.620265	0.847022	0.660017	0.113773	0.468426	0.0361337	2.00767	0.0586619	0.324025	0.0506308	0.115848	0.34228	0.389366	1.63545	0.581412	3.24244	1.33675	1.35193	2.39393	7.05529	4.36496	1.83486	0.696929	0.707061	0.545682	0.698218	0.745653	0.893406	0.0921139	0.183603	0.945048	3.8513	1.22368	1.45935	0.177454	0.40192	0.491253	1.12549	1.82029	1.56513	0.441586	0.0932702	0.047134	0.090023	0.0814223	0.0861686	0.181462	0.74875	0.150273	0.306579	0.520821	0.11588	0.180245	0.614681	0.603323	0.745825	1.50804	2.3359	2.12199	3.35818	0.33745	0.348751	0.150625	0.276495	0.154096	2.1361	0.218642	0.334005	0.0918322	0.130456	0.930884	0.0166134	0.0462266	0.0233173	0.0154332	0.0326754	0.0455647	0.0657589	0.21558	0.132885	0.340612	0.793446	0.633526	1.56875	2.83434	0.486161	0.296311	0.549132	0.472475	0.517969	0.074544	0.981594	1.9185	0.38394	0.145494	0.32094	1.5164	0.304244	4.36495
40	0.217835	0.0465894	0.0813976	0.161089	0.0914892	0.0116468	0.0661714	0.116361	0.397007	0.226631	0.135259	0.633457	0.575889	0.697002	0.04936	0.705417	0.183538	0.0549453	0.228966	0.310238	0.22836	0.0245635	0.18549	0.00827729	0.834382	0.0128573	0.108773	0.0113401	0.0333079	0.116431	0.143671	0.669453	0.213364	1.29991	0.479492	0.456942	0.827197	2.52242	1.42852	0.746275	0.248708	0.268614	0.204021	0.255419	0.297054	0.347142	0.0211175	0.0341124	0.278003	1.25041	0.487222	0.260592	0.0414345	0.165439	0.198098	0.449986	0.720302	0.468691	0.147595	0.0283838	0.0107043	0.0201347	0.0177412	0.0222983	0.0685621	0.308394	0.0526778	0.105049	0.198197	0.034705	0.0619288	0.112122	0.183197	0.251895	0.522555	0.776836	0.687586	1.11388	0.144108	0.130497	0.0580927	0.111553	0.0586188	0.866121	0.0816928	0.124438	0.0314281	0.0484523	0.35511	0.00444381	0.0149098	0.00748486	0.00482434	0.00931217	0.00898345	0.0201189	0.0317753	0.037585	0.123515	0.180092	0.18411	0.454467	0.593865	0.158223	0.0649946	0.119863	0.157675	0.141773	0.0187937	0.198419	0.687036	0.118754	0.0408729	0.126012	0.440874	0.0609475	1.42734
41	0.415968	0.0949891	0.145415	0.309307	0.229607	0.0281298	0.161144	0.291339	0.777212	0.408195	0.309134	1.56211	1.30193	1.40794	0.109725	1.43374	0.474593	0.104609	0.366571	0.541234	0.31998	0.0330602	0.244963	0.0119477	1.06423	0.0186435	0.279385	0.0221824	0.076408	0.136316	0.181254	0.519968	0.186014	1.12305	0.359874	0.277638	0.513487	1.51635	0.630101	0.296759	1.42308	0.677933	0.373948	0.670329	0.260587	0.394914	0.0326265	0.100754	0.619543	1.9794	0.421935	0.179681	0.0385296	0.146551	0.220774	0.402081	0.599907	0.631028	0.187092	0.0392242	0.0144881	0.0302693	0.0303237	0.0386399	0.099763	0.422347	0.0859801	0.161804	0.304695	0.0695266	0.148303	0.475841	0.906532	0.848849	0.449957	0.461868	0.365786	0.493652	0.0538812	0.0498212	0.0215677	0.0394378	0.0217313	0.28606	0.140236	0.220082	0.0557674	0.0775547	0.625641	0.0108554	0.0401675	0.0200343	0.0126788	0.0234565	0.0190097	0.0543201	0.0573902	0.0774069	0.328718	0.338913	0.41527	1.12009	1.45648	0.373937	0.118465	0.238851	0.348481	0.340104	0.0468173	0.419397	1.28439	0.228429	0.0677861	0.0449902	0.807759	0.161967	2.62387
42	0.421303	0.0915761	0.156777	0.371618	0.288655	0.034432	0.199027	0.348567	1.02089	0.443121	0.282408	1.49993	1.19619	1.15398	0.0924379	1.19019	0.463996	0.0797252	0.290377	0.653057	0.381605	0.0265984	0.211789	0.00992786	0.876283	0.0154443	0.278928	0.0188302	0.0774783	0.132637	0.214669	0.463899	0.194235	1.08045	0.351054	0.341834	0.619897	1.78812	0.789056	0.391309	0.816443	0.75683	0.47341	0.681575	0.244783	0.380481	0.0281191	0.162712	0.614493	1.79118	0.411175	0.146296	0.034023	0.132224	0.197902	0.349746	0.551095	0.572037	0.221995	0.0427646	0.0116124	0.0242593	0.0239978	0.0365097	0.0810862	0.374929	0.103285	0.179228	0.315842	0.0735293	0.138856	0.475808	0.563221	0.759262	0.563738	0.598595	0.470676	0.664908	0.0717518	0.0578137	0.0259811	0.0503421	0.0262067	0.401871	0.176336	0.277502	0.0695893	0.100836	0.758061	0.0108302	0.0442828	0.0219933	0.0136546	0.024282	0.0154726	0.0605188	0.0427265	0.0589263	0.29392	0.278506	0.454916	1.20371	1.26993	0.375871	0.117956	0.253954	0.398443	0.407106	0.0600548	0.43411	1.06687	0.289939	0.096088	0.0608021	0.93146	0.226369	2.94528
43	0.167052	0.0361842	0.0516799	0.122431	0.0838448	0.0107196	0.0608179	0.095613	0.242474	0.147574	0.133798	0.600459	0.522076	0.668329	0.045108	0.67735	0.165267	0.0498359	0.191239	0.188771	0.124363	0.0160464	0.148469	0.00622175	0.581426	0.0095747	0.0989562	0.0095797	0.0250514	0.0593066	0.0738294	0.318068	0.0906198	0.604417	0.184842	0.126761	0.240385	0.875825	0.328131	0.152527	0.238484	0.258435	0.446893	0.227558	0.140762	0.203972	0.0162655	0.0309664	0.188292	0.899844	0.224261	0.0883708	0.0189273	0.082329	0.12233	0.226696	0.329898	0.345791	0.0639014	0.0140428	0.00680934	0.014218	0.0142383	0.0155467	0.0548348	0.242612	0.0326402	0.0767445	0.151931	0.0254172	0.0560154	0.215998	0.198167	0.264369	0.235415	0.24215	0.185004	0.251779	0.0275467	0.0275471	0.011717	0.0208097	0.0117729	0.144038	0.129449	0.253561	0.083912	0.107447	0.61019	0.0076726	0.0269998	0.0134867	0.00861977	0.0136439	0.0126194	0.0299044	0.0336697	0.0406015	0.133606	0.144035	0.127386	0.34862	0.559976	0.142119	0.0524759	0.101356	0.149133	0.13223	0.0172582	0.11977	0.53976	0.0711416	0.0784188	0.0267545	0.27352	0.0464707	0.856137
44	1.52255	0.325088	0.571395	1.34046	1.1013	0.125072	0.737232	1.42239	4.21462	1.50364	0.898339	5.42184	4.17294	2.70653	0.264426	2.95694	1.60437	0.145662	0.433051	2.09622	0.911401	0.0444591	0.261892	0.0173198	1.23569	0.0272098	1.16434	0.0467576	0.277011	0.318567	0.49684	0.549179	0.351844	1.59154	0.71651	0.858736	1.53139	3.3913	1.62394	0.821005	1.90101	1.61449	0.879373	4.88507	0.34952	0.593079	0.036313	0.62786	2.41974	4.27809	0.63215	0.233683	0.0531751	0.166839	0.244629	0.441057	0.845244	0.717261	0.626201	0.131437	0.0205674	0.0442675	0.0444445	0.0930729	0.122606	0.610895	0.329699	0.401387	0.546209	0.214835	0.359708	0.862839	1.24315	1.73249	1.15416	1.21832	1.10274	1.4548	0.151305	0.111666	0.0517924	0.104779	0.052229	0.874908	0.324889	0.514606	0.128796	0.187547	1.32937	0.0355936	0.162111	0.0802787	0.049001	0.0841589	0.0370765	0.225852	0.103287	0.0961262	0.608659	0.791662	2.05834	5.41342	4.31255	1.45079	0.359046	0.830315	1.34616	1.48565	0.220466	1.69663	2.87534	1.20069	0.324785	0.123975	3.66151	0.950404	10.4753
45	0.972171	0.196358	0.441015	1.03705	0.70451	0.0793657	0.467683	0.953873	3.66483	1.25866	0.347162	2.14584	1.67711	0.768138	0.105433	0.797116	0.730441	0.049062	0.121524	1.71843	1.3237	0.0325153	0.0754981	0.00803817	0.405216	0.0127509	0.452584	0.0283824	0.181253	0.376575	1.07554	0.493106	0.706536	2.44932	1.37372	1.99055	3.55372	6.75657	3.39434	1.70055	1.28929	1.20771	0.766512	1.05459	0.71364	0.752177	0.0282934	0.448007	1.72417	2.88632	1.03675	0.534247	0.105935	0.206885	0.183118	0.285295	1.13158	0.619202	0.964108	0.163066	0.0132555	0.0257182	0.0232243	0.0650569	0.0340463	0.242554	0.227989	0.327497	0.438896	0.169814	0.202966	0.504453	0.772696	1.08937	1.49316	2.45863	2.49973	3.08332	0.318019	0.241332	0.11577	0.245536	0.117107	2.18036	0.290636	0.453915	0.10709	0.160205	1.12214	0.0212437	0.099405	0.0492668	0.0299581	0.0507502	0.019467	0.139135	0.0578421	0.03579	0.337674	0.365037	1.20993	2.78888	1.59379	0.741047	0.251118	0.575861	0.814061	0.929859	0.14216	1.36375	1.57925	1.02624	0.294759	0.26737	3.0109	0.726551	9.16278
46	1.34052	0.281909	0.585377	1.3716	0.992629	0.111742	0.659733	1.33885	4.76324	1.67178	0.595753	3.64609	2.54169	1.33168	0.17312	1.39639	1.27502	0.0777585	0.194536	3.20479	2.19119	0.0516314	0.126482	0.0125775	0.736904	0.020207	0.790015	0.0486784	0.269399	0.741202	1.63812	0.638714	0.948315	3.2982	1.64717	2.47674	4.44729	8.71036	4.11265	2.05849	2.13189	1.99589	1.23845	1.74008	0.644891	1.28513	0.0438467	0.604881	2.2846	3.93373	1.38817	0.51315	0.108473	0.223661	0.35741	0.52506	1.77286	1.18459	1.89111	0.31083	0.0209408	0.040468	0.0364615	0.0984581	0.0567461	0.439678	0.430694	0.621964	0.788972	0.310454	0.301248	0.828717	1.30434	1.82444	2.03698	3.20828	3.32024	4.59415	0.384619	0.274388	0.13118	0.276994	0.132581	2.43344	0.461244	0.723555	0.172781	0.25632	1.81916	0.0389018	0.18561	0.0916469	0.0556554	0.0932339	0.0333377	0.259088	0.0827405	0.0607645	0.583696	0.490933	1.59189	3.92106	2.80339	1.08724	0.334437	0.763261	1.15257	1.31213	0.199292	1.79479	2.14444	1.34556	0.378238	0.322889	3.99381	0.955954	12.2859
47	0.580635	0.127598	0.274235	0.618911	0.421468	0.0463107	0.279793	0.546833	1.90988	0.764011	0.260827	1.59227	1.10126	0.603837	0.0760498	0.639684	0.597114	0.0354325	0.0838186	1.77084	1.23628	0.022462	0.061517	0.00541294	0.306321	0.00889125	0.403361	0.0233996	0.135989	0.302635	0.677732	0.25215	0.382763	1.3318	0.60087	0.859951	1.56447	3.04491	1.44455	0.715245	1.08098	1.04083	0.619707	0.794592	0.257509	0.549804	0.018347	0.153088	1.03894	1.90342	0.558304	0.210211	0.0459823	0.0883903	0.127797	0.198079	0.796136	0.536157	0.919631	0.149598	0.00858024	0.0165594	0.0150129	0.0440166	0.0240573	0.204544	0.21568	0.346708	0.4431	0.171817	0.149059	0.423721	0.642657	0.90076	0.903431	1.10492	1.13897	1.56018	0.132851	0.0978381	0.0464995	0.0976582	0.0467884	0.814312	0.231735	0.363211	0.083714	0.120138	0.92117	0.0194342	0.0913709	0.0451816	0.0277977	0.046277	0.0157515	0.12329	0.0367168	0.0293903	0.300848	0.22645	0.734938	1.7203	1.2806	0.468286	0.150412	0.339846	0.498305	0.561223	0.0775978	0.773739	1.0077	0.585378	0.14668	0.108345	1.88976	0.293202	6.1927
48	0.448763	0.0755686	0.101127	0.413098	0.713324	0.216866	0.245149	0.144179	0.331927	0.466438	0.328732	1.20823	1.02857	1.29992	0.0740262	1.16764	0.162375	0.0684146	0.294874	0.0716785	0.127534	0.017424	0.16971	0.00677031	0.837937	0.0101889	0.106913	0.0113014	0.0207796	0.0647704	0.0554623	0.422777	0.0866519	0.676947	0.21386	0.0667657	0.15543	0.531913	0.107578	0.0374015	0.0848339	0.106998	0.04426	0.266169	0.173465	0.220759	0.016537	30.0313	0.566947	3.03653	0.247873	0.119028	0.0262193	0.103927	0.144017	0.311986	0.448344	0.391846	0.0383938	0.0104684	0.00820473	0.0176827	0.0176557	0.0154682	0.0807793	0.293827	0.0140771	0.0580518	0.12682	0.0185311	0.056625	0.0559325	0.0998982	0.131168	0.0577226	0.0767334	0.0713917	0.0625886	0.0065224	0.0155153	0.00593749	0.00847398	0.00600163	0.0394943	0.016835	0.0267696	0.00876204	0.0096913	0.117988	0.00268874	0.00566249	0.00292751	0.00205145	0.00501297	0.00860828	0.00818192	0.0477455	0.0443041	0.108077	0.379606	0.179267	0.45041	1.17503	0.323546	0.24244	0.59723	0.670313	0.872197	0.356099	0.368328	2.01984	0.0844676	0.0217107	0.00577993	0.383745	0.0572846	1.6524
49	2.12507	0.436328	0.808454	2.4016	1.91219	0.225461	1.3053	1.66778	5.3825	3.22343	1.21467	5.59365	4.18118	3.07673	0.289209	2.77671	0.963768	0.195912	0.6423	1.12817	0.828169	0.0612185	0.354516	0.0219558	1.70874	0.0347546	0.535261	0.0454732	0.180356	0.254387	0.34523	0.956376	0.342909	1.92989	0.837781	0.777084	1.38987	3.18876	1.32909	0.575841	1.05559	0.806544	0.48697	1.37233	0.465284	0.616123	0.0552945	1.01485	7.03596	14.0709	0.733606	0.417427	0.0747248	0.24628	0.327046	0.697517	1.23036	1.02021	0.405087	0.0824289	0.0267607	0.0574598	0.0575918	0.0819027	0.174118	0.671888	0.175207	0.28954	0.458242	0.138428	0.253186	0.474717	0.854381	1.11332	0.645424	0.949102	0.954058	1.10286	0.106354	0.10973	0.0483035	0.0907319	0.0489198	0.69715	0.179119	0.286549	0.0760016	0.104807	0.776451	0.0225025	0.0870305	0.0434081	0.0271238	0.0501383	0.0382645	0.122155	0.210282	0.118855	0.447402	1.25767	1.92612	4.35353	4.34121	2.04185	0.786291	1.67581	2.46492	2.66489	0.395162	6.31258	9.51345	1.37873	0.379722	0.0913961	4.48146	0.97625	21.3607
50	11.0483	2.06972	4.1596	11.293	8.77437	1.03461	5.93571	10.7389	33.7563	13.8064	4.13853	21.7827	15.5152	7.19462	1.02063	6.6435	4.49672	0.5214	1.21213	7.39857	4.7408	0.201356	0.636025	0.071272	2.64004	0.113929	2.48084	0.171421	1.02458	1.06133	1.85375	1.8467	1.41534	5.60545	3.47277	4.81437	8.38868	16.7787	7.93959	3.82557	5.50582	4.52613	3.00851	5.77221	1.23975	1.89385	0.182677	6.77321	27.2645	65.0114	2.29849	0.997031	0.197382	0.520137	0.670344	1.3463	3.53773	2.20867	2.43971	0.453839	0.083239	0.177427	0.177355	0.383759	0.323766	1.5992	1.10268	1.4138	1.81924	0.767176	1.16482	2.24293	3.74687	5.2222	4.06555	5.97618	6.00335	7.3313	0.715399	0.624623	0.287222	0.574294	0.292263	4.96364	1.09337	1.75776	0.459522	0.679277	4.33581	0.134574	0.604743	0.299319	0.181402	0.316685	0.164171	0.867875	0.763996	0.326012	1.95538	3.98685	10.5195	23.4249	14.0096	8.49619	2.95885	6.61332	10.2173	11.6094	1.92273	22.0112	29.0821	8.28786	2.50359	0.623546	24.0156	7.82523	132.171
51	1.27211	0.257399	0.563662	1.32757	0.907106	0.102889	0.603526	1.25566	4.75565	1.60747	0.471454	2.8682	2.1668	1.06217	0.141211	1.11337	0.965387	0.0694276	0.174783	2.23436	1.68246	0.0440528	0.11302	0.0108164	0.621689	0.017144	0.596707	0.0375396	0.228486	0.488064	1.22903	0.824325	1.28242	4.86178	1.91746	3.24457	5.85379	8.92776	4.52114	2.25785	1.73275	1.61269	1.05033	1.39607	0.635068	0.988153	0.0388879	0.60669	2.20911	3.7555	1.74282	0.621708	0.105283	0.225024	0.259021	0.434558	1.51016	0.889548	1.2305	0.209068	0.0180289	0.0348828	0.0313671	0.082127	0.049152	0.338856	0.300499	0.433404	0.578628	0.218377	0.261461	0.680587	1.06906	1.49647	2.02978	3.28236	3.25626	4.26747	0.422474	0.319906	0.153066	0.323548	0.154988	2.8866	0.402769	0.62252	0.148018	0.223095	1.53928	0.0301524	0.142072	0.0702888	0.04263	0.0720955	0.027734	0.199957	0.0784904	0.0516293	0.469234	0.47814	1.52934	3.53346	2.13862	0.961203	0.325284	0.743321	1.05075	1.19822	0.185929	1.76189	2.0645	1.31899	0.395924	0.358347	3.84018	0.974398	11.5335
52	1.34465	0.370729	0.581641	1.15856	0.786537	0.0988524	0.54773	1.07803	3.70279	1.52891	0.468813	2.62541	2.43438	1.36916	0.293095	1.3513	0.901176	0.22475	0.416822	1.90875	1.73385	0.173697	0.241992	0.0412704	1.1038	0.0677215	0.57739	0.0851338	0.256526	0.65964	1.54983	1.31327	1.20281	4.44918	2.33322	3.09985	5.64796	10.3369	5.71024	2.62779	1.43081	1.36821	0.94247	1.22738	1.08867	1.21463	0.141853	0.452892	2.01095	4.33104	1.87141	2.48047	0.266335	0.398559	0.392977	0.736715	1.89437	1.50469	1.35922	0.251405	0.0694653	0.132855	0.118928	0.136047	0.115597	0.460095	0.279426	0.465453	0.62201	0.240641	0.281188	0.818801	0.946858	1.27025	2.2495	3.86288	3.51962	4.57993	0.48652	0.485702	0.218569	0.426866	0.223117	3.47204	0.363362	0.564014	0.145942	0.202808	1.42472	0.030365	0.108283	0.0540582	0.0343179	0.0651584	0.0616465	0.153401	0.311111	0.127863	0.45166	0.822097	1.41192	3.32536	3.05219	0.901979	0.407638	0.85511	0.931192	1.08268	0.17028	1.83365	2.23108	1.06219	0.324469	0.427582	3.65724	0.747999	10.924
53	0.227643	0.0544553	0.103956	0.225653	0.151583	0.0182126	0.104479	0.202677	0.747382	0.278373	0.0807042	0.47538	0.388664	0.199173	0.0364952	0.206334	0.168764	0.0245386	0.0468061	0.402797	0.32592	0.0189108	0.0282745	0.00441757	0.129579	0.00724799	0.111199	0.0108337	0.0450866	0.104844	0.282103	0.153461	0.198257	0.688547	0.368977	0.505154	0.916152	1.70017	0.852362	0.426482	0.305293	0.290327	0.181403	0.250378	0.18524	0.212328	0.0161583	0.088664	0.378309	0.682064	0.289153	0.160566	0.0289906	0.0617197	0.0566905	0.0934157	0.309764	0.176409	0.249024	0.0437003	0.00748447	0.0142186	0.0126626	0.0198346	0.0130079	0.066914	0.0540106	0.0858212	0.115105	0.0439474	0.0497395	0.120926	0.182125	0.257919	0.369749	0.619971	0.633835	0.761556	0.0792077	0.0696645	0.0320838	0.0646943	0.0326125	0.539797	0.0695644	0.108072	0.0265611	0.0384473	0.269657	0.00534792	0.0222713	0.011047	0.00685092	0.0121361	0.00769118	0.0311685	0.0336561	0.0150523	0.0829413	0.0926958	0.26561	0.616696	0.371811	0.166755	0.0574432	0.129675	0.179	0.200359	0.0319601	0.301754	0.377581	0.215235	0.0637612	0.0683205	0.690717	0.144002	2.11861
54	0.518138	0.103827	0.232557	0.552455	0.380266	0.0429319	0.252163	0.524165	2.00859	0.665124	0.180345	1.12885	0.870389	0.369453	0.0533867	0.38788	0.381884	0.0223561	0.0486864	0.917327	0.67513	0.0150705	0.0299234	0.00378096	0.150612	0.00599857	0.240505	0.0142836	0.0942102	0.191463	0.54522	0.208293	0.350833	1.17525	0.671567	1.00326	1.78553	3.37373	1.75011	0.880282	0.688713	0.637425	0.411255	0.561567	0.299003	0.36427	0.0128592	0.259654	0.917137	1.46027	0.502035	0.240341	0.049491	0.08625	0.0797202	0.118692	0.533259	0.280559	0.501143	0.0848208	0.00607769	0.0118606	0.0107782	0.0330676	0.0135954	0.113579	0.121504	0.171794	0.224747	0.0891254	0.103899	0.267866	0.412783	0.582003	0.778191	1.26007	1.25798	1.57361	0.164907	0.124221	0.0598107	0.127422	0.0606019	1.15094	0.155387	0.24315	0.0577893	0.0875075	0.597538	0.0115287	0.0549006	0.0271684	0.0164439	0.0277129	0.010063	0.0773655	0.0286024	0.0167574	0.178892	0.184472	0.641268	1.47954	0.81874	0.391815	0.131803	0.304989	0.434294	0.4997	0.0779249	0.733687	0.803999	0.554904	0.163101	0.140089	1.59756	0.415557	4.7765
55	0.726171	0.151067	0.312558	0.740877	0.543126	0.0610918	0.359509	0.75567	2.68606	0.896073	0.306168	1.90932	1.30838	0.612643	0.0870677	0.644676	0.659451	0.03294	0.0683172	1.63272	1.09433	0.0225701	0.0425455	0.00566914	0.220589	0.00906548	0.402337	0.023511	0.140018	0.35264	0.791348	0.237213	0.445168	1.46464	0.793287	1.24152	2.20003	4.31339	2.07501	1.04062	1.08808	1.00606	0.634725	0.885336	0.28015	0.676049	0.0187949	0.366338	1.23022	1.95499	0.627632	0.230379	0.0477427	0.0882403	0.150374	0.192019	0.791391	0.476401	0.925189	0.1528	0.00903218	0.0176329	0.0160542	0.0497043	0.0196612	0.190762	0.221238	0.306787	0.379446	0.156087	0.152901	0.424758	0.665701	0.932041	1.03154	1.60339	1.65864	2.29265	0.194929	0.137959	0.0662565	0.140481	0.0670283	1.25603	0.235188	0.370356	0.088961	0.133392	0.921577	0.0202995	0.0981459	0.0484681	0.0292843	0.0489869	0.0166898	0.138254	0.0407299	0.026446	0.294654	0.248111	0.856851	2.10667	1.41897	0.579424	0.177453	0.410022	0.619655	0.713936	0.110613	0.980977	1.07532	0.743179	0.212962	0.163261	2.1394	0.571575	6.42
56	1.60231	0.321413	0.725296	1.72552	1.21485	0.137131	0.80604	1.62364	6.227	2.07434	0.647199	4.03117	2.77992	1.3013	0.185205	1.35966	1.3992	0.0707903	0.144777	3.63789	2.21284	0.0476198	0.0901945	0.0119812	0.464972	0.0192657	0.841351	0.0493261	0.298937	0.749908	1.53035	0.542479	0.91746	3.03287	2.12944	3.22317	5.77033	10.8604	5.35052	2.63268	2.05618	1.85807	1.21603	1.75012	0.551959	1.26359	0.0388752	0.815593	2.86988	4.56421	1.2975	0.508135	0.0950111	0.174072	0.26353	0.433527	1.98591	0.97276	1.96871	0.324603	0.0189725	0.0370421	0.0337778	0.105677	0.0416801	0.400862	0.470413	0.684086	0.836294	0.345911	0.327326	0.804923	1.28686	1.79447	2.47617	4.04954	4.09498	5.64246	0.492958	0.354804	0.170735	0.363462	0.17289	3.2651	0.460011	0.719301	0.170488	0.25755	1.76852	0.0449505	0.218401	0.107691	0.0650442	0.108468	0.0366439	0.307609	0.0902239	0.0576805	0.629262	0.566979	1.9795	4.57108	3.02092	1.24802	0.411277	0.951808	1.3857	1.59582	0.248871	2.29254	2.5064	1.7288	0.511029	0.418275	5.00651	1.27724	15.0534
57	2.1012	0.423426	0.936747	2.22908	1.54027	0.175151	1.02466	2.13672	8.1379	2.67275	0.751998	4.56191	3.50781	1.5865	0.213244	1.64333	1.50236	0.101229	0.24234	4.20909	2.67296	0.0605365	0.152715	0.0151652	0.80815	0.0240041	0.877825	0.0546223	0.360049	0.674899	1.43769	0.851659	1.06341	3.76006	2.60599	3.89884	6.97694	13.1535	6.44818	3.12956	2.31292	2.04131	1.42904	1.897	0.739228	1.33932	0.0562515	1.08492	3.71063	6.11159	1.58506	0.628151	0.121251	0.255519	0.342484	0.654931	2.96557	1.39377	1.77826	0.299431	0.0243821	0.0473353	0.0427054	0.129504	0.0674219	0.502795	0.521162	0.808482	1.00039	0.405108	0.417906	0.904045	1.50018	2.09196	2.87931	4.84816	4.86544	6.0692	0.586379	0.436642	0.209365	0.443692	0.212298	4.01076	0.538883	0.84389	0.202128	0.30586	2.08618	0.0534254	0.257655	0.127067	0.0766831	0.128551	0.0462111	0.364881	0.120105	0.0812896	0.766889	0.771739	2.51567	5.76902	3.29055	1.59203	0.54068	1.2428	1.77013	2.02828	0.320266	2.98286	3.37741	2.2374	0.671041	0.502611	6.43385	1.72359	19.0763
58	2.11564	0.48875	0.901696	2.04581	1.47193	0.170771	0.979877	2.07049	7.40133	2.55943	0.823659	4.94313	3.74625	1.86141	0.319961	1.88228	1.66341	0.186911	0.321716	5.0978	3.26969	0.128784	0.211631	0.0312865	0.945945	0.0514053	1.08197	0.0893706	0.383669	0.884917	1.82619	0.819875	1.18282	4.04319	1.91369	2.80789	4.97507	9.32281	4.87333	2.2351	2.86745	2.6508	1.68165	2.30443	0.7927	1.67541	0.109374	1.03237	3.47921	6.2439	1.69141	1.39542	0.202756	0.279322	0.418511	0.690939	2.54041	2.02665	2.2765	0.40308	0.0496537	0.0964839	0.0876976	0.154721	0.0910207	0.612775	0.631845	1.01902	1.22505	0.503809	0.438655	1.42612	1.85566	2.50905	2.53342	3.40868	3.53868	4.70749	0.417395	0.35283	0.16344	0.330806	0.166283	2.85397	0.620976	0.982615	0.246666	0.366383	2.46294	0.0651293	0.302096	0.148453	0.0898794	0.153421	0.0737815	0.435796	0.260773	0.127865	0.872773	1.04281	2.36564	5.55285	4.83176	1.52761	0.613984	1.34255	1.67057	1.98103	0.309904	3.06378	3.23414	2.03389	0.619492	0.356166	6.04674	1.62044	17.6152
59	0.678657	0.150071	0.261508	0.566884	0.408472	0.0457299	0.274083	0.584916	1.70627	0.720094	0.32783	1.85974	1.3708	0.998712	0.100611	1.02915	0.666326	0.0684422	0.22311	1.41021	1.08303	0.0450992	0.14668	0.00968823	1.06334	0.015467	0.493025	0.0346129	0.154085	0.469607	1.01496	0.555385	0.421598	1.76253	0.835246	1.07073	1.95681	3.99819	1.76852	0.867814	0.898472	0.827615	0.479277	0.837081	0.374398	0.773935	0.0365399	0.147607	0.979919	2.18038	0.709367	0.319192	0.0606805	0.165473	0.269718	0.487502	0.990746	0.888597	1.21509	0.195178	0.0188918	0.0359261	0.03171	0.0520238	0.0668523	0.351247	0.203986	0.296266	0.416448	0.141315	0.150822	0.363511	0.583556	0.807336	0.858499	1.38526	1.45521	2.00317	0.160965	0.1208	0.0565791	0.116541	0.0569168	0.955197	0.179602	0.281464	0.0656841	0.0920687	0.736148	0.0177337	0.0787709	0.0390768	0.0242212	0.0413621	0.018407	0.106446	0.0492343	0.0488906	0.3057	0.287187	0.691871	1.79539	1.56389	0.521441	0.154357	0.331596	0.513488	0.556763	0.0760167	0.705053	1.20876	0.521773	0.13013	0.132269	1.72074	0.310742	5.49518
60	0.273856	0.0599105	0.108582	0.229023	0.171367	0.0189403	0.114139	0.250545	0.737398	0.286946	0.129943	0.819238	0.586245	0.358345	0.0389353	0.379011	0.306784	0.021805	0.064784	0.572407	0.409348	0.0151373	0.0402502	0.00325537	0.287818	0.00527008	0.220563	0.0136579	0.0710769	0.206553	0.343733	0.150998	0.148593	0.570616	0.290552	0.398557	0.726733	1.45447	0.658936	0.32538	0.373397	0.327559	0.196202	0.378189	0.117054	0.250771	0.0101799	0.0621081	0.398713	0.761707	0.234144	0.103398	0.0199519	0.0470748	0.0739584	0.127938	0.314216	0.252702	0.445037	0.0939952	0.00594264	0.0113612	0.0101325	0.0226242	0.0192847	0.118567	0.092374	0.110019	0.147358	0.0575546	0.0643213	0.147964	0.248783	0.342924	0.331838	0.516486	0.544258	0.752733	0.0604077	0.0438318	0.0207155	0.0431787	0.0208352	0.357364	0.0734607	0.115131	0.0266205	0.0376248	0.296166	0.00762094	0.0350419	0.0173523	0.0107073	0.0180035	0.00684371	0.0472935	0.0166822	0.0153591	0.125682	0.109811	0.321302	0.838825	0.670988	0.219084	0.0587554	0.131097	0.207581	0.230421	0.0316583	0.285359	0.432236	0.225837	0.0564493	0.0493586	0.734704	0.134791	2.19027
61	0.330688	0.0719203	0.134739	0.286417	0.217998	0.0238868	0.144466	0.315906	0.951218	0.354683	0.154761	1.01421	0.709707	0.369529	0.0443653	0.396472	0.38962	0.0192251	0.048362	0.743101	0.463544	0.0120079	0.0308525	0.00310507	0.188917	0.00512006	0.274865	0.0154123	0.0905697	0.206017	0.384766	0.118187	0.158138	0.558447	0.309243	0.450883	0.821053	1.61263	0.745862	0.370103	0.458315	0.39741	0.244131	0.475234	0.110031	0.249548	0.00858024	0.0792844	0.499121	0.851823	0.233736	0.102145	0.0198669	0.0391683	0.0596282	0.0960641	0.304403	0.20622	0.504484	0.102479	0.00496285	0.00990926	0.00898005	0.0276683	0.0142062	0.117567	0.120505	0.125693	0.157546	0.0692503	0.079445	0.179608	0.303416	0.418144	0.388029	0.585212	0.617559	0.857182	0.0687568	0.0486932	0.023168	0.0487196	0.0233049	0.406452	0.0913398	0.143159	0.032929	0.0469055	0.363616	0.00960313	0.0453155	0.0224151	0.0137464	0.0230048	0.00775366	0.0612253	0.0175563	0.0143549	0.152639	0.123666	0.415799	1.08389	0.816018	0.273834	0.0701104	0.160445	0.256724	0.290183	0.0400976	0.357853	0.483638	0.291638	0.0715873	0.0560819	0.940312	0.173162	2.75479
62	0.720524	0.156456	0.295281	0.631386	0.481013	0.0526655	0.318588	0.691603	2.09207	0.779502	0.340432	2.23353	1.56813	0.810013	0.0962102	0.869793	0.856812	0.0409575	0.104573	1.6438	0.856896	0.0231395	0.0670889	0.00656728	0.366168	0.0108416	0.600756	0.033376	0.19778	0.378816	0.706499	0.228738	0.291449	1.04138	0.56998	0.823721	1.50033	2.95487	1.36055	0.67553	0.973169	0.840834	0.517319	1.04707	0.206608	0.463097	0.0165594	0.175479	1.10081	1.87489	0.434339	0.188164	0.0371791	0.0749433	0.113981	0.185692	0.568091	0.386001	0.925565	0.188241	0.00990926	0.0199697	0.0189557	0.0606282	0.0307433	0.258374	0.266295	0.257614	0.309422	0.150086	0.175078	0.382754	0.64957	0.895254	0.806013	1.06837	1.12826	1.56458	0.125475	0.0894532	0.042479	0.0891005	0.0427341	0.741225	0.193509	0.303293	0.0698502	0.0998102	0.770498	0.0211226	0.100073	0.0494738	0.0303202	0.050655	0.0168031	0.135269	0.0373363	0.0309856	0.335855	0.272195	0.916407	2.38876	1.78998	0.602923	0.154754	0.354009	0.565927	0.640352	0.0885553	0.789369	1.06431	0.641279	0.154378	0.10225	2.06533	0.380194	6.07628
63	0.7259	0.157414	0.298517	0.641104	0.488322	0.0533935	0.323169	0.696879	2.11552	0.790874	0.34608	2.2716	1.5978	0.823655	0.0971061	0.884732	0.870092	0.0411367	0.106211	1.67527	0.721403	0.0209255	0.0683145	0.00656792	0.338921	0.0108418	0.60605	0.0348499	0.199931	0.318185	0.590013	0.204487	0.244837	0.887521	0.478971	0.682875	1.24244	2.50404	1.15302	0.572857	0.988292	0.835423	0.525128	1.06315	0.17778	0.393207	0.0150129	0.177795	1.11791	1.90666	0.368795	0.158947	0.0320373	0.0660687	0.100498	0.166152	0.485121	0.330835	0.77294	0.157564	0.00898005	0.0189557	0.018725	0.0615708	0.0312436	0.263502	0.271347	0.257768	0.302615	0.146312	0.178349	0.392012	0.660974	0.909644	0.783392	0.916341	0.949554	1.3214	0.106294	0.0762551	0.0360976	0.075378	0.036306	0.623078	0.196426	0.307865	0.0708446	0.101241	0.7822	0.0214228	0.101569	0.0502163	0.0307735	0.0513961	0.0169376	0.137264	0.0372751	0.0312854	0.340991	0.277419	0.931493	2.42812	1.81678	0.612808	0.15761	0.360154	0.574518	0.650424	0.089759	0.801261	1.08121	0.648598	0.155902	0.0861741	2.08788	0.382624	6.17893
64	0.44373	0.0926696	0.223737	0.515263	0.347044	0.0381733	0.230339	0.395915	1.57717	0.632786	0.221398	1.41953	1.02693	0.58265	0.0662946	0.619416	0.548482	0.0332942	0.0976069	1.62411	0.526874	0.0136659	0.0671923	0.00591444	0.258231	0.00976341	0.290905	0.0156623	0.139159	0.145058	0.231018	0.158337	0.142289	0.556405	0.352223	0.499658	0.910738	1.81166	0.944641	0.473696	0.736411	0.627573	0.39071	0.688806	0.118859	0.205629	0.0106572	0.127185	0.867954	1.62644	0.226951	0.1027	0.020949	0.0467603	0.0641134	0.113573	0.338773	0.200754	0.302666	0.0627183	0.00600281	0.0127258	0.012732	0.0738035	0.0285442	0.259475	0.261943	0.232943	0.242388	0.127851	0.161173	0.302884	0.49732	0.678709	0.689391	0.704869	0.650228	0.817009	0.0866826	0.0576058	0.0271629	0.0564396	0.0273306	0.464768	0.146171	0.229097	0.0529462	0.0755759	0.585009	0.0138952	0.0648326	0.0320889	0.0197081	0.0331452	0.0118851	0.087628	0.0293202	0.0243383	0.228771	0.218811	0.66675	1.58023	1.16048	0.386561	0.129254	0.288661	0.412627	0.464233	0.0641954	0.648346	0.866291	0.482884	0.117219	0.0708748	1.55934	0.226027	5.12666
65	0.574595	0.12155	0.270396	0.639798	0.460868	0.0515365	0.305708	0.592152	2.2028	0.770551	0.282118	1.84648	1.30686	0.620199	0.0790796	0.66197	0.68293	0.0294676	0.0707143	1.59109	0.578147	0.0132501	0.0451516	0.00515835	0.174323	0.00846127	0.358904	0.018369	0.152616	0.179267	0.305038	0.122685	0.15573	0.548917	0.375801	0.566498	1.01717	2.04761	1.08971	0.553973	0.813387	0.687767	0.459177	0.854313	0.111683	0.227227	0.009623	0.262925	1.07441	1.77065	0.230789	0.0972583	0.0195197	0.0387471	0.0559265	0.0921093	0.325186	0.180007	0.403224	0.0818902	0.0056794	0.0121084	0.0121825	0.0556606	0.0205859	0.215339	0.252624	0.238518	0.256961	0.126218	0.167064	0.320297	0.539685	0.747873	0.773136	0.817744	0.732399	0.999624	0.102351	0.0665393	0.0317384	0.0668061	0.0320586	0.580873	0.170285	0.268339	0.0636419	0.094278	0.673743	0.0170433	0.0825804	0.0407256	0.0246719	0.0411898	0.0135771	0.114744	0.0314534	0.0225817	0.263406	0.236345	0.812511	2.11214	1.41243	0.514233	0.154223	0.353534	0.529993	0.607915	0.0916851	0.835869	0.965293	0.631957	0.171154	0.0856058	1.8991	0.416194	5.87011
66	1.32069	0.274118	0.536157	1.28191	1.00195	0.113679	0.665053	1.42113	4.73233	1.53938	0.582241	3.7353	2.66227	1.24066	0.163252	1.30948	1.32223	0.0610346	0.153278	4.36061	1.13373	0.027016	0.10484	0.011898	0.34611	0.0191598	0.706006	0.035611	0.268348	0.336257	0.589271	0.231687	0.316544	1.08979	0.71952	1.15153	2.02605	4.80753	2.58811	1.32699	1.74285	1.52815	1.09809	1.66717	0.215179	0.456641	0.0217171	0.723942	2.16928	3.3953	0.462664	0.185674	0.0359011	0.0749287	0.112244	0.185495	0.654889	0.415674	0.788344	0.152732	0.011569	0.0249705	0.0252823	0.125952	0.0435741	0.519995	0.6921	0.626426	0.601688	0.344904	0.31376	0.695345	1.13136	1.5891	1.78098	1.9501	1.59523	2.31308	0.246721	0.161527	0.0774193	0.163637	0.078441	1.47733	0.404115	0.640005	0.155781	0.237067	1.59441	0.0358393	0.175845	0.0866238	0.0520009	0.0870559	0.0293401	0.249941	0.0685623	0.0472579	0.53521	0.459533	1.74148	4.47649	2.74605	1.08745	0.309831	0.714493	1.14131	1.31612	0.209229	1.7177	1.92194	1.29512	0.381467	0.21003	3.68614	1.12119	10.8868
67	0.141684	0.0313125	0.0558522	0.120807	0.0865109	0.00989905	0.058762	0.108715	0.338423	0.158259	0.0876795	0.490505	0.394007	0.344821	0.0288694	0.355728	0.172155	0.0249256	0.102447	0.827411	0.139667	0.00888697	0.079582	0.00450152	0.286402	0.00711896	0.0969653	0.00724155	0.0329756	0.0564498	0.0764215	0.119963	0.0525796	0.275481	0.116548	0.121127	0.223579	0.63061	0.30024	0.148805	0.19805	0.185979	0.122426	0.223998	0.0627972	0.112756	0.0077445	0.0311493	0.209813	0.587068	0.10612	0.0448613	0.00945778	0.0326585	0.0539896	0.104679	0.183	0.183558	0.0941335	0.0195566	0.0041388	0.0089027	0.00893062	0.0213373	0.0306163	0.201172	0.138938	0.135885	0.122279	0.0568428	0.0478796	0.101545	0.142914	0.194492	0.220424	0.224809	0.172543	0.249985	0.0271766	0.0198976	0.00906268	0.0179346	0.00910931	0.140449	0.045915	0.0719506	0.0170832	0.0238177	0.19381	0.00412931	0.0174698	0.00868463	0.00540124	0.00949455	0.00517845	0.0237286	0.014356	0.0166995	0.0785399	0.0846943	0.179053	0.48281	0.425439	0.12304	0.0373472	0.0761415	0.117046	0.121557	0.0163191	0.149592	0.325263	0.103139	0.0255612	0.0222804	0.348835	0.0562564	1.15921
68	0.590151	0.127164	0.253608	0.573758	0.411696	0.045891	0.274036	0.530933	1.80285	0.723182	0.300803	1.82442	1.34209	0.860029	0.0932473	0.901072	0.67065	0.0608602	0.182301	4.0571	0.845763	0.0243454	0.170733	0.00967433	0.481264	0.0155115	0.369129	0.022356	0.140595	0.191347	0.389832	0.279147	0.231872	0.940792	0.470068	0.648899	1.16536	2.7292	1.39123	0.704337	0.954731	0.919417	0.614393	0.85451	0.197568	0.402005	0.023397	0.187957	0.970955	1.97183	0.381694	0.160217	0.0338104	0.0856186	0.13518	0.25242	0.681694	0.547801	0.486606	0.0843948	0.00997092	0.0206942	0.0206126	0.0651631	0.05154	0.410129	0.456092	1.07605	0.680491	0.236	0.190008	0.40437	0.628878	0.871527	1.01289	1.03763	0.893701	1.21546	0.129384	0.0893179	0.041872	0.0861074	0.0421277	0.7111	0.229177	0.360081	0.0840783	0.120346	0.922308	0.0222692	0.102662	0.0508591	0.0312512	0.0528393	0.0203837	0.140425	0.0496339	0.0455559	0.328191	0.266265	0.758873	2.01072	1.49566	0.499203	0.151038	0.331494	0.500079	0.555003	0.0780063	0.72786	1.06868	0.533072	0.139497	0.104663	1.68121	0.319311	5.45093
69	0.859351	0.182712	0.365935	0.848258	0.606286	0.0681974	0.403467	0.836254	2.85952	1.04387	0.394781	2.39432	1.71876	1.00413	0.117885	1.05308	0.85081	0.0672842	0.185943	3.32547	1.16912	0.0302529	0.145392	0.0101559	0.515759	0.0162662	0.493218	0.0274591	0.18501	0.260576	0.541402	0.327108	0.327712	1.25916	0.639678	0.908758	1.62186	3.96386	2.08717	1.06527	1.50843	1.42936	0.929972	1.15538	0.25956	0.514209	0.027638	0.345083	1.43166	2.64507	0.51714	0.200615	0.0433423	0.105356	0.158709	0.287904	0.851781	0.629271	0.682134	0.117474	0.011484	0.0230984	0.0228524	0.0720001	0.0519757	0.393891	0.369245	0.682239	0.884804	0.272625	0.244465	0.624789	0.920168	1.28636	1.4931	1.57438	1.25116	1.82801	0.196629	0.129487	0.0613033	0.127728	0.0618725	1.09733	0.345105	0.543714	0.129364	0.190735	1.37889	0.030952	0.147056	0.0725595	0.0441722	0.0733999	0.0265434	0.202066	0.062855	0.0543558	0.467869	0.340279	1.02124	2.59936	1.88203	0.688924	0.214799	0.481399	0.718124	0.808354	0.12011	1.1012	1.45216	0.816897	0.231414	0.163792	2.4679	0.573427	7.69564
70	0.375848	0.0823142	0.16619	0.377933	0.264771	0.0293307	0.176414	0.342332	1.14855	0.470553	0.197782	1.24025	0.904098	0.559128	0.0595453	0.590191	0.464331	0.0371331	0.109767	2.20443	0.521393	0.0135127	0.0751491	0.00563051	0.294445	0.00914574	0.265105	0.0143274	0.102022	0.120754	0.240431	0.164268	0.139606	0.566637	0.291319	0.391338	0.712709	1.47481	0.71763	0.357614	0.625951	0.538638	0.331158	0.595035	0.119775	0.240345	0.0126187	0.0992184	0.643699	1.29227	0.229057	0.0940048	0.0203359	0.0506238	0.0783866	0.143984	0.406776	0.306497	0.300467	0.0549942	0.00586587	0.012415	0.0122347	0.0431677	0.0303749	0.266358	0.261587	0.300847	0.338768	0.17618	0.16489	0.256626	0.425695	0.580849	0.519472	0.544354	0.508478	0.665378	0.0655178	0.0477671	0.0223843	0.0461022	0.0225156	0.376536	0.123892	0.194223	0.0450739	0.064168	0.499444	0.0154271	0.072914	0.0359707	0.0220206	0.036855	0.0130214	0.0990881	0.0295999	0.0278535	0.226779	0.174738	0.502526	1.32162	1.01805	0.327375	0.097552	0.214884	0.321188	0.356467	0.0492236	0.473606	0.697431	0.350326	0.0864044	0.0531793	1.13621	0.187845	3.72949
71	0.448797	0.0942637	0.212325	0.493141	0.365916	0.0412215	0.244587	0.421813	1.55982	0.600713	0.250212	1.56706	1.12786	0.666737	0.0709465	0.706752	0.560883	0.0356043	0.116936	1.21293	0.461807	0.0124609	0.0671095	0.00501167	0.286696	0.0080702	0.291008	0.0137542	0.117083	0.112305	0.182222	0.16802	0.128328	0.530152	0.312928	0.445227	0.79877	1.62397	0.762509	0.370838	0.838746	0.673669	0.410055	0.744707	0.113208	0.18457	0.0106867	0.185434	0.844633	1.60595	0.213809	0.0858094	0.0182762	0.0475956	0.0650436	0.119686	0.324835	0.211147	0.236526	0.0474264	0.00557791	0.0119277	0.011976	0.0419697	0.0314898	0.192524	0.146109	0.180177	0.226314	0.123371	0.152387	0.353997	0.571329	0.788836	0.480915	0.574809	0.574152	0.69968	0.068995	0.0524212	0.0246805	0.0511376	0.0249107	0.432859	0.152571	0.239888	0.0579596	0.0852232	0.613633	0.0136746	0.0639687	0.0315864	0.0193282	0.0322062	0.0120664	0.0858831	0.0295414	0.0275305	0.249622	0.224067	0.645913	1.57674	1.2427	0.425404	0.125233	0.279195	0.435976	0.488555	0.0722364	0.639906	0.880972	0.456135	0.129693	0.0573749	1.41808	0.273182	4.64913
72	0.663711	0.194049	0.253569	0.515642	0.43475	0.0536372	0.297481	0.5452	1.37472	0.68775	0.376111	2.13149	1.918	1.35566	0.203619	1.38646	0.833769	0.157931	0.330163	1.0874	0.531667	0.0676707	0.212879	0.0228268	0.795849	0.0378512	0.503919	0.0417613	0.165173	0.195917	0.280236	0.449055	0.24964	1.15421	0.474442	0.499954	0.886577	2.29472	1.37877	0.546338	1.69282	1.40457	0.878564	1.1587	0.260017	0.416479	0.0579058	0.203376	0.986476	2.57044	0.44777	0.580855	0.0753638	0.127747	0.189639	0.34933	0.599776	0.826519	0.344233	0.0721502	0.0270039	0.0556351	0.0557071	0.078917	0.0895088	0.400793	0.187361	0.262675	0.41131	0.129793	0.247232	0.902837	1.11997	1.54106	0.925937	0.846418	0.684724	0.904412	0.0988868	0.0999726	0.0424224	0.0753963	0.0433508	0.529961	0.326779	0.514425	0.1373	0.209087	1.33933	0.0245638	0.0980411	0.0480876	0.0298808	0.0534612	0.0425634	0.135793	0.166625	0.104242	0.526424	0.617784	0.747296	2.03436	2.82238	0.561447	0.24306	0.497297	0.535181	0.63146	0.0911541	0.901361	1.39195	0.40826	0.144293	0.085993	1.51032	0.349934	4.65185
73	0.558286	0.139603	0.20241	0.416886	0.331864	0.040369	0.227426	0.476533	1.28639	0.562973	0.336058	1.84019	1.53636	1.27591	0.140729	1.297	0.621768	0.112391	0.306487	0.775865	0.404633	0.0416537	0.196709	0.0145935	0.820574	0.0234849	0.32513	0.0278677	0.109972	0.152763	0.204591	0.409911	0.187204	0.965211	0.390476	0.385878	0.684474	1.67683	0.864287	0.375699	1.52176	0.799254	0.484801	0.764971	0.216475	0.346229	0.0364813	0.196189	0.914495	2.12004	0.371415	0.286242	0.044712	0.113577	0.17252	0.319246	0.53484	0.590957	0.245162	0.0524994	0.0174413	0.0363333	0.036425	0.0517716	0.0831755	0.359857	0.12241	0.189232	0.295422	0.0929609	0.177278	0.578717	1.42026	1.32307	0.557674	0.570228	0.488724	0.631122	0.0685805	0.0646624	0.0280387	0.0514023	0.0284881	0.385435	0.180429	0.284396	0.0739525	0.107128	0.761686	0.0166052	0.0667644	0.0329843	0.0204483	0.036677	0.0268392	0.0926992	0.0930066	0.0797024	0.395378	0.428117	0.605754	1.61138	1.93482	0.478735	0.164175	0.336878	0.431353	0.474091	0.0703268	0.72372	1.37241	0.362543	0.116453	0.0581916	1.20438	0.329782	3.6592
74	0.756794	0.174688	0.285637	0.643718	0.512975	0.0603024	0.349307	0.662881	1.85298	0.803667	0.481652	2.70167	2.12465	1.75685	0.169537	1.80598	0.909034	0.129267	0.392611	1.17428	0.606783	0.0441533	0.255615	0.0157172	1.09105	0.0250009	0.467709	0.0329682	0.152966	0.209338	0.306107	0.5479	0.264176	1.34712	0.546029	0.575409	1.03229	2.56409	1.24432	0.594532	1.68447	1.2376	0.772453	1.13982	0.296828	0.480298	0.0399316	0.266273	1.30092	2.88767	0.520432	0.268628	0.0508605	0.153964	0.231761	0.422092	0.740238	0.71644	0.364617	0.0742431	0.0187748	0.0392816	0.0393717	0.0647642	0.106834	0.493508	0.182371	0.269116	0.423401	0.130756	0.252407	0.811112	1.46957	2.29766	0.872722	0.897657	0.752337	1.00286	0.108804	0.088951	0.0397897	0.0765845	0.0402107	0.599193	0.287835	0.45278	0.112527	0.163336	1.20356	0.0223965	0.0939329	0.0465273	0.0288167	0.050517	0.0304213	0.127772	0.0915166	0.0975845	0.573612	0.506552	0.890822	2.36719	2.46602	0.699013	0.211354	0.452467	0.667285	0.716758	0.104064	0.933041	1.89269	0.535375	0.164552	0.0906435	1.7475	0.422541	5.5525
75	0.385127	0.0852786	0.141013	0.294051	0.211804	0.0252701	0.147017	0.265625	0.815735	0.398839	0.242232	1.25658	1.03474	1.06731	0.0865002	1.08998	0.410473	0.0809334	0.315845	0.836949	0.402446	0.030841	0.256091	0.0125907	0.939709	0.0197214	0.222134	0.0187503	0.0700455	0.161992	0.230372	0.68659	0.267469	1.46032	0.612988	0.708252	1.27407	3.8656	1.92633	0.906999	0.653963	0.663457	0.541697	0.540226	0.320624	0.425921	0.0292874	0.0882559	0.516624	1.71116	0.558238	0.280509	0.04677	0.17014	0.220627	0.476454	0.816978	0.608341	0.253862	0.0474071	0.0130471	0.0267893	0.0261447	0.0436628	0.0950655	0.461825	0.137228	0.21617	0.364106	0.0785877	0.1137	0.341932	0.445355	0.615767	1.52597	1.37877	1.06646	1.53701	0.165869	0.12508	0.0567893	0.112039	0.0572217	0.891	0.215546	0.328838	0.0776967	0.110497	0.868348	0.0102729	0.040092	0.0200055	0.0125899	0.0226897	0.0155808	0.053592	0.044865	0.0559073	0.244084	0.252478	0.41187	1.10309	1.12303	0.308119	0.100041	0.204443	0.307522	0.305214	0.0419035	0.367269	0.960481	0.242501	0.0832788	0.141123	0.833179	0.147504	2.698
76	0.398004	0.0837338	0.150358	0.307111	0.179529	0.0222581	0.126996	0.243802	0.85602	0.421195	0.216348	1.04549	0.945261	1.05381	0.0785172	1.05858	0.303142	0.0819887	0.338524	0.523876	0.400139	0.038743	0.271424	0.012628	1.25553	0.019483	0.176057	0.0183979	0.0590495	0.188442	0.238699	0.984384	0.32131	1.90226	0.769166	0.72509	1.29627	4.13686	1.82797	0.782333	0.414703	0.437664	0.331288	0.412967	0.43387	0.541821	0.0329013	0.0894618	0.524358	2.04266	0.71909	0.449848	0.0608601	0.238189	0.301191	0.681522	1.11973	0.730864	0.255862	0.0487784	0.0169036	0.031837	0.0283834	0.0356168	0.100781	0.457743	0.0877365	0.164851	0.303845	0.0582268	0.101994	0.198772	0.301876	0.415023	0.817384	2.67361	0.989192	1.36353	0.143563	0.132642	0.0586969	0.111284	0.0591551	0.856471	0.131348	0.201171	0.0495874	0.0685114	0.563482	0.00750697	0.0266554	0.0133627	0.00848962	0.0161151	0.0142039	0.0370662	0.0509672	0.0557821	0.194545	0.299912	0.353532	0.83031	0.944814	0.278644	0.114585	0.218449	0.282949	0.267863	0.0371739	0.387897	1.12338	0.245963	0.0736063	0.122142	0.844666	0.152552	2.65012
77	0.716684	0.154525	0.318011	0.686395	0.418945	0.0488944	0.28761	0.518732	1.94051	0.889346	0.339474	1.80068	1.62249	1.33319	0.1179	1.35682	0.580507	0.106773	0.398472	1.11541	0.958177	0.0542433	0.280167	0.014664	1.50203	0.0231281	0.325309	0.0291669	0.132887	0.361287	0.562237	1.20778	0.607331	2.94276	1.50167	1.85917	3.31879	8.10237	4.28378	1.99201	0.848543	0.845926	0.699398	0.743935	0.634988	0.857067	0.0447738	0.155408	1.16647	3.30553	1.1469	0.586831	0.0972485	0.306163	0.390413	0.838918	1.71376	0.99367	0.680612	0.117467	0.0230716	0.0436815	0.0387223	0.0618852	0.11196	0.518504	0.175127	0.28709	0.435234	0.119687	0.194356	0.358044	0.576729	0.810818	1.75486	2.73985	3.74634	4.80442	0.368439	0.282778	0.130983	0.266117	0.131993	2.17134	0.278747	0.424841	0.0985104	0.143497	1.10716	0.0163944	0.0658993	0.0328633	0.0206496	0.0365959	0.0229221	0.0878472	0.0779985	0.0751476	0.317231	0.447478	0.817648	1.89941	1.58871	0.553924	0.208866	0.429098	0.571787	0.588695	0.0809039	0.862714	1.79097	0.589265	0.174703	0.311256	2.00132	0.286505	6.57185
78	0.232075	0.0502263	0.0678438	0.111083	0.0405073	0.00704359	0.0358668	0.070804	0.169242	0.183215	0.167893	0.673803	0.696731	1.03618	0.0600376	1.04267	0.149257	0.0843075	0.381922	0.105701	0.155361	0.0439207	0.296906	0.0118503	1.6231	0.0180942	0.115507	0.017289	0.0247991	0.158195	0.134642	1.1161	0.250288	1.87354	0.560963	0.239728	0.446483	1.8519	0.841231	0.236088	0.101832	0.14448	0.0715235	0.23985	0.437583	0.568388	0.0362955	0.015555	0.200435	1.72412	0.681732	0.351475	0.0558484	0.260214	0.369482	0.833674	1.08016	0.849375	0.0992159	0.0253608	0.0193789	0.0362704	0.031559	0.0230899	0.113152	0.460251	0.0219762	0.100087	0.228811	0.0276321	0.0676786	0.0635667	0.120268	0.153704	0.216442	0.335766	0.394184	0.566862	0.0417983	0.0803109	0.0313778	0.047348	0.0315977	0.256702	0.0294093	0.0447401	0.01454	0.0176954	0.195854	0.00323061	0.00589825	0.0030532	0.00220693	0.00574602	0.01123	0.00863827	0.0437105	0.0571418	0.128573	0.262887	0.110145	0.275151	0.655654	0.150277	0.074584	0.118476	0.136052	0.0897616	0.0105717	0.13027	0.960158	0.0465893	0.0176404	0.0389869	0.250626	0.0316055	0.759045
79	0.029213	0.00623812	0.00969798	0.0178136	0.00880306	0.00124118	0.00678549	0.0122348	0.0372812	0.0267777	0.0201246	0.0869296	0.0842826	0.115867	0.00728682	0.116833	0.0222615	0.00918151	0.0401933	0.0281758	0.0251045	0.00403586	0.0326586	0.0013572	0.149075	0.00209103	0.0144978	0.0017282	0.00380188	0.0166887	0.0172868	0.117233	0.0302931	0.208182	0.0674779	0.0457123	0.0836585	0.292878	0.150225	0.0725415	0.0237496	0.0279633	0.0186591	0.0330927	0.049032	0.0557144	0.00348626	0.00331795	0.0312908	0.192989	0.076638	0.0420636	0.00651169	0.0286119	0.0344447	0.0791139	0.116533	0.0804632	0.0152579	0.0032783	0.00177528	0.00332927	0.00291504	0.00303734	0.0120402	0.052017	0.00505382	0.0138124	0.0289103	0.0040765	0.00851411	0.0119824	0.0205868	0.027493	0.0499753	0.075016	0.0662915	0.101666	0.0139407	0.0177761	0.00755284	0.0134512	0.00762288	0.0957156	0.00752353	0.0114558	0.00332716	0.0048401	0.0373234	0.000514423	0.00144257	0.000714774	0.00047415	0.00101154	0.00134545	0.00194103	0.00489997	0.00626503	0.0170175	0.0286189	0.0192949	0.048402	0.0833476	0.020292	0.00906091	0.0155006	0.0194764	0.0153987	0.00195367	0.0214806	0.106814	0.0109039	0.0041596	0.0160195	0.0452445	0.00607273	0.143428
80	0.331937	0.0707973	0.155212	0.342439	0.215852	0.0245106	0.145842	0.261614	1.01151	0.440059	0.135546	0.787643	0.668623	0.429311	0.0501915	0.441982	0.282821	0.0345483	0.101187	0.656115	0.490798	0.0178551	0.0759721	0.0055658	0.331575	0.00899796	0.143372	0.0112387	0.0663826	0.143718	0.265759	0.339529	0.287459	1.15118	0.656646	1.09584	1.95029	4.68151	3.02429	1.88574	0.502984	0.500936	0.430617	0.355326	0.22762	0.288086	0.015168	0.0784395	0.576351	1.2817	0.46762	0.242913	0.040678	0.0928819	0.10136	0.212598	0.601663	0.275871	0.322624	0.053759	0.00738817	0.0141586	0.0128883	0.0279581	0.0288791	0.172076	0.106439	0.141754	0.202035	0.0608247	0.0867271	0.201778	0.308124	0.445304	1.07359	1.74433	1.58486	2.70487	0.417642	0.420588	0.206852	0.394834	0.186125	3.41713	0.171273	0.261133	0.0641485	0.102993	0.651888	0.00814322	0.0351755	0.017183	0.0106968	0.0185485	0.00962081	0.0451497	0.0312919	0.0244221	0.150095	0.163452	0.418054	0.962083	0.700951	0.257886	0.0910276	0.198222	0.270145	0.293127	0.0405063	0.431957	0.68137	0.309307	0.10476	0.353803	1.02596	0.144846	3.39948
81	0.116388	0.0248185	0.0539827	0.118781	0.0746171	0.00850122	0.0505099	0.0906598	0.354082	0.153003	0.0482216	0.277228	0.236908	0.157533	0.0177959	0.161938	0.0986017	0.0126783	0.0385303	0.226544	0.170075	0.00648668	0.0289971	0.00201975	0.128309	0.0032567	0.0503374	0.00400183	0.0230453	0.0507228	0.0925224	0.128463	0.101274	0.414933	0.231035	0.378737	0.67484	1.6253	1.04567	0.649992	0.173867	0.173502	0.14867	0.124486	0.0829032	0.103941	0.00552243	0.0271832	0.200098	0.45791	0.16766	0.0880219	0.0145735	0.0347513	0.0380854	0.0807092	0.217479	0.102634	0.111628	0.0186728	0.0026934	0.00515462	0.00468058	0.0098194	0.0109931	0.0636201	0.0367881	0.0497053	0.0716409	0.0211612	0.0304662	0.0699134	0.107083	0.154551	0.370729	0.602515	0.547087	0.932512	0.143907	0.148711	0.0689761	0.156553	0.069434	1.27401	0.0591428	0.0901691	0.0222098	0.0356363	0.225933	0.00283148	0.0121634	0.00594176	0.00370121	0.00643444	0.00341515	0.0156235	0.0111888	0.00895152	0.0528613	0.0587672	0.144702	0.333299	0.247323	0.0901176	0.0320251	0.0693	0.0942391	0.101674	0.0140483	0.14982	0.243904	0.108215	0.0370232	0.122186	0.359852	0.0508141	1.1754
82	0.131897	0.0281233	0.059527	0.129399	0.0800847	0.0092186	0.0545384	0.0981561	0.386785	0.16854	0.0570943	0.317135	0.276418	0.20461	0.0210037	0.209442	0.109347	0.016589	0.0552733	0.242277	0.185489	0.00828712	0.041754	0.00257777	0.190355	0.00411734	0.0570576	0.0047948	0.0252433	0.0587195	0.102068	0.181212	0.116684	0.512356	0.265438	0.408379	0.727933	1.78691	1.13459	0.697315	0.18674	0.188094	0.159132	0.139967	0.105653	0.128819	0.00711626	0.0291587	0.218455	0.549869	0.204051	0.111363	0.0177805	0.0476479	0.0527013	0.114778	0.271289	0.138557	0.120754	0.0204895	0.00348211	0.00663878	0.00598355	0.0112254	0.0157461	0.0843799	0.0395383	0.0561236	0.0840564	0.0233234	0.0347336	0.0760237	0.117194	0.168455	0.398721	0.647952	0.588407	0.998632	0.1543	0.145963	0.0797104	0.181402	0.0844741	1.53083	0.0633375	0.0965656	0.0239444	0.0381762	0.245127	0.0031042	0.0130133	0.00636294	0.00397612	0.00699041	0.00403625	0.0167459	0.0135324	0.0116302	0.0605465	0.0722383	0.156728	0.36173	0.285597	0.100763	0.0366554	0.0776287	0.104482	0.110491	0.0151797	0.162821	0.294286	0.118046	0.0418611	0.130892	0.396447	0.055645	1.26783
83	0.116961	0.0249692	0.0536941	0.117461	0.0734831	0.00840092	0.0498349	0.0906372	0.366376	0.152356	0.0484528	0.276464	0.237293	0.161158	0.0181948	0.1653	0.0978358	0.013225	0.0402861	0.222881	0.169111	0.00676934	0.0302987	0.00211206	0.133921	0.00339972	0.0501296	0.00409615	0.0228883	0.0507991	0.0916345	0.13304	0.101336	0.419405	0.231218	0.374479	0.66626	1.61554	1.0401	0.644063	0.171256	0.171416	0.146421	0.123614	0.0843359	0.105185	0.00577588	0.0266852	0.197879	0.462272	0.169126	0.0913416	0.0149309	0.0357981	0.0393207	0.0837544	0.220307	0.105744	0.110423	0.0185427	0.00281597	0.00538938	0.00489201	0.00989098	0.0114891	0.0651647	0.0362759	0.0494931	0.0718251	0.0210281	0.0304294	0.0694588	0.105894	0.152734	0.366489	0.595118	0.541387	0.922079	0.142647	0.132435	0.0684545	0.163324	0.102062	1.86701	0.0582506	0.0888196	0.0218853	0.0349548	0.223042	0.00280737	0.01193	0.00583297	0.0036393	0.00635725	0.00348812	0.0153269	0.0115985	0.0092697	0.0527318	0.0597981	0.143136	0.329667	0.249801	0.0896386	0.0320483	0.0690425	0.0934187	0.100387	0.0138429	0.148317	0.246072	0.112016	0.0559605	0.12034	0.373739	0.0523126	1.16221
85	0.254385	0.0523529	0.0834406	0.155098	0.075764	0.0104581	0.0575196	0.109136	0.36174	0.239049	0.146988	0.641024	0.648065	0.813939	0.0528088	0.819758	0.164079	0.067155	0.295518	0.213164	0.230843	0.0304055	0.225123	0.00946969	1.0977	0.0145479	0.106442	0.0130918	0.0324053	0.12935	0.143971	0.933872	0.248889	1.65612	0.554934	0.413957	0.761193	2.41109	1.29953	0.638629	0.17833	0.20925	0.142028	0.242723	0.391768	0.422907	0.0270665	0.0283733	0.270473	1.5472	0.614868	0.422008	0.055004	0.226862	0.256273	0.602538	0.921526	0.630637	0.129068	0.0268394	0.0133821	0.025181	0.0220837	0.0223553	0.0837927	0.361284	0.0380856	0.101109	0.204079	0.0324556	0.0681246	0.0899698	0.150442	0.203879	0.386009	0.627956	0.56798	0.888456	0.139635	0.192259	0.0898178	0.185781	0.129852	8.90994	0.0571273	0.0870889	0.0245522	0.0352608	0.276824	0.00406265	0.0116805	0.00580266	0.00383781	0.00807048	0.0102098	0.0155955	0.0393712	0.0459756	0.123382	0.229052	0.17169	0.409664	0.633821	0.165431	0.0746579	0.13025	0.157006	0.12834	0.016408	0.190668	0.846363	0.106865	0.0422771	0.118723	0.43034	0.0571452	1.30704
86	0.0740595	0.0161844	0.0245169	0.0604334	0.0440433	0.00539862	0.0311439	0.0478381	0.127059	0.0697354	0.0562679	0.269495	0.225969	0.264007	0.0190993	0.268482	0.0792499	0.0191174	0.0726955	0.10269	0.0615025	0.0064741	0.0564391	0.00248928	0.220138	0.00385003	0.0439158	0.00401876	0.0122578	0.0256096	0.035095	0.126384	0.0405476	0.251871	0.0827528	0.0698407	0.128616	0.441638	0.183555	0.0876594	0.126667	0.133323	0.18673	0.104834	0.057095	0.0827851	0.00649664	0.016235	0.0919272	0.368645	0.0944311	0.0373103	0.00792937	0.0325494	0.0473026	0.0888719	0.134944	0.134188	0.0329479	0.00687135	0.00273109	0.00569126	0.00569842	0.00695564	0.0208848	0.0948964	0.0173562	0.0349892	0.0652097	0.0123261	0.02519	0.0948008	0.0965661	0.131703	0.132804	0.135567	0.104239	0.145797	0.0159095	0.0140149	0.00611682	0.0113403	0.00614618	0.0826917	0.0947039	0.134943	0.0284744	0.0464528	0.235236	0.00247538	0.00899658	0.0045029	0.00286815	0.00469845	0.00391362	0.0104521	0.0104696	0.0154837	0.0585028	0.0584398	0.0654528	0.177934	0.246085	0.0653957	0.0229504	0.0463187	0.0701701	0.0661063	0.00879392	0.0595416	0.220716	0.0381705	0.0333981	0.014372	0.139954	0.0241576	0.4391
87	0.116621	0.0254177	0.0382753	0.0939939	0.0680535	0.00837371	0.0482285	0.0750349	0.198422	0.109053	0.0891295	0.417745	0.352194	0.41638	0.0298116	0.423181	0.121786	0.0308517	0.115455	0.155593	0.0941862	0.0101465	0.0895222	0.00390295	0.349545	0.00603494	0.0697018	0.00626437	0.018963	0.0398822	0.0540121	0.196254	0.0617356	0.388155	0.125995	0.10355	0.191206	0.662082	0.271394	0.129221	0.192423	0.20317	0.354082	0.162637	0.0891082	0.129482	0.010187	0.0250799	0.143137	0.586243	0.145209	0.0579648	0.0123249	0.0509994	0.0746002	0.139419	0.210319	0.212332	0.0501923	0.0105251	0.00428155	0.00892314	0.00893445	0.0107607	0.0331069	0.149915	0.0263565	0.0541142	0.101659	0.0189025	0.0390147	0.147512	0.148235	0.201556	0.196172	0.200592	0.154035	0.214807	0.023441	0.0209626	0.00912051	0.0168256	0.00916614	0.122039	0.130532	0.226583	0.056767	0.100163	0.415748	0.00466349	0.0171965	0.00859193	0.00545883	0.00841571	0.00692902	0.0188476	0.0182436	0.0249843	0.0931016	0.0925807	0.0998051	0.271506	0.383025	0.102488	0.036216	0.0727105	0.109704	0.102698	0.0136218	0.0925502	0.350959	0.0586942	0.0733807	0.0224375	0.216222	0.0372599	0.680092
88	0.0957215	0.0207613	0.0360595	0.0961215	0.0776236	0.00876013	0.0522854	0.0793038	0.226348	0.103784	0.0609245	0.330402	0.245579	0.206392	0.0196956	0.211332	0.111593	0.0152347	0.046869	0.174157	0.0915744	0.00534972	0.035261	0.00199648	0.132815	0.00314757	0.0570322	0.00384685	0.0189267	0.0267856	0.0467821	0.0810986	0.0407283	0.199402	0.0835093	0.104014	0.188103	0.570886	0.284416	0.144343	0.211021	0.214173	0.537681	0.138831	0.0430212	0.0686411	0.00515308	0.0272506	0.142031	0.364608	0.0778081	0.0352172	0.00712169	0.0217941	0.0314495	0.056932	0.106041	0.0953651	0.0513452	0.00974818	0.00220867	0.00455997	0.00455864	0.00811746	0.0131782	0.0690122	0.0285581	0.0424692	0.0677041	0.0172602	0.0305666	0.113161	0.139548	0.197823	0.207923	0.207725	0.161674	0.235137	0.0280054	0.0198692	0.00910099	0.0181277	0.00913556	0.141488	0.12758	0.264359	0.166248	0.287284	0.518161	0.00911557	0.0411553	0.0204023	0.0126192	0.0176577	0.00750329	0.0444309	0.0159335	0.0150964	0.0742898	0.0550711	0.105882	0.282342	0.288829	0.0905159	0.0282434	0.0636491	0.101309	0.107741	0.0143361	0.094933	0.215062	0.0672449	0.214144	0.0574797	0.229345	0.0395103	0.746804
89	0.0736152	0.0153018	0.0238756	0.0597951	0.0450372	0.00531788	0.0311432	0.047774	0.128677	0.070503	0.0500311	0.244959	0.194845	0.213632	0.016938	0.216246	0.0745793	0.0160375	0.0565851	0.0989015	0.0606862	0.00531597	0.0427647	0.00206332	0.162409	0.00317838	0.0409162	0.00341053	0.0121427	0.0214234	0.0311735	0.0939046	0.0332603	0.193748	0.0682128	0.0630555	0.117413	0.39056	0.185982	0.0953513	0.124681	0.131368	0.287868	0.096651	0.0440443	0.0656876	0.0053532	0.0155162	0.089232	0.318743	0.0737151	0.0335	0.00678814	0.0245841	0.0357097	0.0665993	0.105182	0.10569	0.0310158	0.00632622	0.00225463	0.00469288	0.00469236	0.00619557	0.0159007	0.0738849	0.0166815	0.0304623	0.0550488	0.0113617	0.022743	0.0957853	0.0924642	0.126682	0.124032	0.123207	0.0992787	0.146725	0.0183586	0.0151011	0.00666663	0.0125421	0.0066802	0.0912745	0.086569	0.193456	0.116253	0.520211	0.294414	0.00521785	0.0432187	0.0154486	0.00773695	0.00970833	0.00613159	0.0273968	0.0149789	0.0152	0.0546873	0.0510224	0.0645414	0.173774	0.227693	0.0625109	0.0214127	0.0446554	0.0672132	0.0660978	0.00850073	0.0587267	0.188415	0.0379312	0.479665	0.128727	0.137139	0.0228348	0.448211
90	0.429342	0.0910151	0.149193	0.383803	0.296314	0.0353213	0.203843	0.349701	1.03588	0.427464	0.274945	1.43366	1.13681	1.12641	0.0909994	1.14922	0.433804	0.0769639	0.2878	0.636363	0.356615	0.0275186	0.22179	0.0105706	0.857829	0.0163308	0.231696	0.0185781	0.0712068	0.124581	0.190552	0.48582	0.185113	1.04217	0.383406	0.394048	0.712233	2.18398	0.976352	0.478017	0.711779	0.713734	0.982621	0.558382	0.234472	0.357426	0.0273486	0.17455	0.584533	1.71667	0.39796	0.158208	0.0329572	0.128207	0.188755	0.345258	0.566396	0.550952	0.19761	0.0392423	0.011532	0.024072	0.0241488	0.0351555	0.0825372	0.393159	0.103644	0.178061	0.304978	0.0686187	0.127167	0.456934	0.512604	0.708314	0.684595	0.723033	0.576926	0.811699	0.0877091	0.0712953	0.0320016	0.0618235	0.032271	0.493345	0.278291	0.502247	0.144684	0.19805	1.72628	0.0157254	0.0643126	0.0319698	0.0198318	0.0312173	0.0201559	0.0773113	0.0527031	0.062754	0.282776	0.273996	0.426461	1.12465	1.21884	0.369094	0.123575	0.265414	0.410384	0.419212	0.0615586	0.411121	1.03186	0.290875	0.187554	0.0785467	0.924956	0.241517	2.73368
91	0.0645001	0.0140981	0.0265119	0.058973	0.0440119	0.00482594	0.0291796	0.0589175	0.186039	0.0748765	0.0329867	0.193178	0.139184	0.0918615	0.00960955	0.0957679	0.0726726	0.00722628	0.0169613	0.150735	0.0551258	0.0019921	0.0105453	0.000717948	0.0480807	0.00115426	0.0443242	0.00220632	0.0142422	0.0164582	0.0283538	0.0256381	0.0177322	0.0762365	0.0401147	0.0521304	0.0929754	0.200113	0.0940606	0.046053	0.0965821	0.0761155	0.111898	0.0949396	0.0153166	0.0298025	0.00178641	0.0153804	0.100563	0.214405	0.0304659	0.0123621	0.00263072	0.00701362	0.0110143	0.0209621	0.0511902	0.0397832	0.0370439	0.00719134	0.000869208	0.00185011	0.00184978	0.00481542	0.00470032	0.0271191	0.0182601	0.0273601	0.0364654	0.015225	0.0175217	0.0433352	0.0687543	0.0940584	0.0664066	0.0676246	0.0686745	0.083118	0.00856163	0.00638327	0.00296211	0.00600911	0.00297329	0.0477644	0.0260031	0.0512273	0.0249469	0.0326027	0.120203	0.00932756	0.0584491	0.0285562	0.0173597	0.0235403	0.00654842	0.0647666	0.00841299	0.00885243	0.0574705	0.0279165	0.0747288	0.195999	0.159439	0.0544749	0.0158647	0.0343329	0.0541472	0.0597763	0.00796935	0.0730778	0.117393	0.055483	0.0632281	0.007964	0.181325	0.030236	0.584567
92	0.0434469	0.00918712	0.0140987	0.0284979	0.0182793	0.00218733	0.0127604	0.0265274	0.0761104	0.0405979	0.0283406	0.133564	0.111717	0.132813	0.00870983	0.134435	0.0398051	0.0141288	0.0393367	0.0611756	0.0279529	0.00285217	0.0236766	0.00105862	0.121323	0.00162294	0.0279671	0.0022128	0.0070728	0.0132905	0.015918	0.0501357	0.0150534	0.0972287	0.0336888	0.0230524	0.043138	0.11779	0.0411194	0.0186456	0.0409188	0.0352098	0.0453861	0.0573045	0.021987	0.0368954	0.00274929	0.00628087	0.0494868	0.20989	0.036399	0.0135454	0.00300839	0.0127384	0.0213297	0.0443069	0.0672535	0.0754856	0.0166372	0.00367399	0.00135561	0.00292836	0.00293175	0.00337746	0.0109499	0.0438728	0.00770807	0.0175396	0.0307545	0.0079883	0.012002	0.0330265	0.0382676	0.047749	0.0282482	0.0291078	0.0290026	0.0329925	0.00351798	0.0035721	0.0015419	0.00279805	0.00154422	0.019572	0.0105113	0.0207692	0.0107687	0.0270732	0.0555675	0.00567273	0.0480269	0.0220395	0.0108927	0.0113558	0.00751808	0.0406594	0.0167543	0.0157891	0.0379023	0.0306653	0.0343274	0.0912484	0.12113	0.032297	0.0113532	0.0209671	0.0301362	0.028024	0.00349133	0.0341331	0.117045	0.0223309	0.0710234	0.00511145	0.0801235	0.0127094	0.256565
93	0.0247594	0.00529848	0.00844185	0.0174226	0.0115757	0.00135773	0.0079841	0.0165062	0.0484602	0.0241383	0.0156646	0.0761983	0.0623288	0.0692458	0.00477503	0.0702499	0.0236413	0.00719689	0.0198451	0.0388936	0.0167828	0.00149016	0.0119957	0.000550816	0.0610449	0.000849243	0.0162029	0.00119687	0.00429025	0.00740317	0.0094254	0.0256443	0.00833464	0.0514507	0.0186638	0.0143618	0.0265151	0.0691263	0.0256685	0.0118638	0.0257291	0.0216953	0.0288397	0.0334853	0.0115122	0.0195284	0.00142409	0.00400185	0.0301434	0.114232	0.0193649	0.00725598	0.00160514	0.00654863	0.0109038	0.0224967	0.0353952	0.0383112	0.010317	0.002214	0.000701903	0.00151409	0.0015158	0.00192008	0.00552437	0.0226848	0.0048553	0.0101315	0.017008	0.00478562	0.00684683	0.0182431	0.0225936	0.0287788	0.0177565	0.0182602	0.0182595	0.0211016	0.00219683	0.00208399	0.000912718	0.00169699	0.000914714	0.0122457	0.00669047	0.0132054	0.00673985	0.0123526	0.0342572	0.00344136	0.0282117	0.0107334	0.00678403	0.00698515	0.00407644	0.0255688	0.00857867	0.00806704	0.0217547	0.0164225	0.0212004	0.0560925	0.0679633	0.018938	0.00644575	0.0122303	0.0179053	0.017251	0.00218602	0.0210306	0.063614	0.0142634	0.0318701	0.0023656	0.0500248	0.00804361	0.16006
94	0.0242086	0.00525415	0.00904145	0.0193526	0.0136809	0.00154744	0.00923589	0.0188481	0.0575243	0.0256501	0.0139695	0.0735607	0.0569923	0.0525113	0.00422209	0.0537031	0.0250543	0.00509287	0.0134241	0.0464813	0.018377	0.00114852	0.00816865	0.000420346	0.0405197	0.000656641	0.0161992	0.00102115	0.00472651	0.0067666	0.00986956	0.0180284	0.00747668	0.0404178	0.0168088	0.0165633	0.0299652	0.0710336	0.0297648	0.01419	0.0302231	0.0245836	0.034531	0.0340236	0.00875024	0.0154861	0.00107631	0.00474302	0.0332263	0.0973733	0.0155155	0.00601025	0.00130912	0.00468434	0.007679	0.015534	0.0275703	0.027065	0.0118497	0.00241604	0.000527447	0.00113325	0.00113412	0.00185347	0.00373284	0.0166547	0.00570562	0.0100854	0.0152968	0.00516156	0.0066507	0.0170507	0.0237696	0.0314079	0.0208137	0.0212664	0.0214779	0.0254321	0.00262756	0.00220406	0.000992827	0.00192874	0.000995728	0.0146341	0.00800827	0.0157983	0.00786716	0.0117667	0.0388041	0.00384778	0.0267843	0.0130675	0.00621863	0.00799326	0.0030578	0.0240566	0.00553755	0.00581411	0.0214346	0.0135222	0.024082	0.0634739	0.0635432	0.0194026	0.00614642	0.0123873	0.018779	0.0193957	0.00252225	0.0236917	0.0538878	0.0170442	0.0297197	0.00251218	0.0575637	0.00941517	0.185206
95	0.100365	0.0218981	0.0406726	0.0900485	0.0666321	0.0073365	0.0442858	0.090953	0.285946	0.114944	0.0527282	0.302569	0.218874	0.155761	0.015223	0.161619	0.110618	0.0129298	0.0317573	0.22721	0.0835222	0.0033424	0.0196344	0.00121446	0.0922972	0.00193848	0.0687149	0.00355646	0.0216913	0.0259352	0.0433914	0.0461725	0.0281005	0.12729	0.0634856	0.0785037	0.140444	0.304861	0.140474	0.0685498	0.144038	0.114074	0.137611	0.146767	0.0260363	0.0494736	0.0030306	0.0232703	0.153731	0.347723	0.0503601	0.0200315	0.00429858	0.0124423	0.0197926	0.0383473	0.0857477	0.0708977	0.055835	0.0109153	0.00148529	0.00316972	0.00317015	0.00750373	0.0088138	0.0472284	0.0275826	0.0423391	0.0572726	0.0232616	0.0269746	0.0668439	0.104107	0.141671	0.0990877	0.101309	0.102401	0.123639	0.0127382	0.00964617	0.00445837	0.00899424	0.00447469	0.0711189	0.0337966	0.0628492	0.0308627	0.0398795	0.155068	0.0147741	0.0765999	0.0375016	0.0228556	0.034456	0.0123485	0.11961	0.01609	0.0145365	0.0882088	0.0458077	0.113701	0.295285	0.248806	0.0842728	0.0249064	0.0532166	0.0834485	0.0911117	0.0120982	0.111275	0.190877	0.0849884	0.0817374	0.0118678	0.278898	0.0463843	0.886957
96	0.30926	0.0674097	0.129301	0.288754	0.217057	0.0235347	0.143018	0.298813	0.976172	0.366064	0.152776	0.921397	0.642062	0.381314	0.0439432	0.400409	0.351542	0.0274684	0.0597599	0.749069	0.269535	0.00837377	0.0376239	0.00303182	0.159895	0.00491201	0.212456	0.010025	0.0698882	0.0761791	0.13608	0.0963218	0.0813357	0.324364	0.184803	0.253757	0.449774	0.935929	0.449676	0.220587	0.460936	0.361819	0.443091	0.455806	0.0633888	0.128316	0.00741443	0.0744433	0.491036	0.972762	0.131775	0.0561998	0.0117161	0.0270527	0.0414717	0.0764058	0.217665	0.153739	0.181568	0.0349935	0.00360781	0.00764702	0.00763984	0.0229417	0.0165069	0.10969	0.0902253	0.130282	0.166358	0.0747785	0.0808678	0.198846	0.322534	0.444103	0.316313	0.327109	0.330064	0.397959	0.0410196	0.0299816	0.0139793	0.0285286	0.014023	0.227306	0.108243	0.201609	0.0986612	0.13112	0.489241	0.0475781	0.302261	0.147933	0.0746348	0.140486	0.0413414	0.619195	0.0411109	0.0319828	0.266474	0.125915	0.369438	0.957621	0.749364	0.263181	0.0754394	0.16555	0.261581	0.292906	0.0387059	0.357525	0.528942	0.295981	0.386118	0.0375929	0.920328	0.151427	2.88899
98	0.0881585	0.0185189	0.0304502	0.0634594	0.0429427	0.00493181	0.0292604	0.062078	0.1903	0.0879816	0.0532331	0.266697	0.212222	0.224243	0.0160464	0.228072	0.0852054	0.0228034	0.0625496	0.146729	0.062136	0.0047927	0.0376855	0.00178335	0.190548	0.00274671	0.0571704	0.00400123	0.0156953	0.0252318	0.0335321	0.080838	0.0281811	0.166773	0.0634439	0.0525911	0.0966515	0.239754	0.0927661	0.0431115	0.0929962	0.0776079	0.086566	0.118476	0.036975	0.063925	0.00458914	0.0144857	0.109291	0.38222	0.0633152	0.0245952	0.00535704	0.0207194	0.0344448	0.0709842	0.115427	0.125513	0.0380921	0.0080362	0.00225901	0.00486862	0.00487179	0.00670233	0.0173965	0.0729803	0.0181093	0.0355842	0.0574392	0.0174962	0.0234031	0.0631604	0.0792922	0.101851	0.0639347	0.0664901	0.0663775	0.0767169	0.00795523	0.00723825	0.0031978	0.00602245	0.00320247	0.0438979	0.0210856	0.0393387	0.0201215	0.0299931	0.105042	0.0106146	0.0714775	0.0351812	0.0172182	0.0302245	0.0192109	0.250189	0.0356639	0.0236352	0.0747963	0.0551351	0.0785356	0.20647	0.236569	0.0673294	0.0224714	0.0433844	0.0637203	0.0629985	0.00790929	0.0766913	0.21145	0.0572618	0.197443	0.00727476	0.189258	0.0299938	0.594932
99	2.1909	0.404865	0.943086	2.07009	1.29919	0.13985	0.851586	3.78353	19.038	2.61033	0.74589	4.22225	3.60939	1.86669	0.198174	1.77027	1.11421	0.136125	0.349649	2.21566	1.09594	0.0400251	0.210551	0.0146507	0.937666	0.023199	0.702187	0.0395277	0.235146	0.267085	0.433299	0.563794	0.330816	1.50562	0.810299	0.974298	1.73777	3.66803	1.61944	0.760637	1.24806	1.01444	1.09144	1.60423	0.327809	0.516971	0.0367168	0.437658	3.47889	6.44511	0.595508	0.303597	0.0613128	0.151851	0.211128	0.417808	0.938445	0.69545	0.563865	0.110547	0.0175563	0.0373363	0.0372751	0.0849749	0.0952325	0.481793	0.26695	0.417919	0.571486	0.239155	0.275852	0.541984	0.896526	1.23279	0.877575	1.18922	1.23878	1.4363	0.140667	0.116289	0.0533993	0.106562	0.0535448	0.825189	0.267775	0.493374	0.243064	0.314263	1.2664	0.123852	0.76386	0.376905	0.189728	0.365206	0.147809	1.57992	0.441404	0.126398	0.781736	0.978797	2.41637	5.40443	3.37158	1.52844	0.57092	1.23093	1.58527	1.77236	0.228922	2.58803	3.75809	5.83324	1.15586	0.115105	13.9178	2.66916	18.071
100	0.723125	0.156544	0.30266	0.688608	0.524931	0.0575009	0.346669	0.68779	2.23675	0.855194	0.342083	2.16819	1.52744	0.828437	0.101163	0.874822	0.839895	0.0541148	0.10966	1.7945	0.649127	0.0173134	0.0687349	0.00621548	0.283381	0.0101302	0.501499	0.0224418	0.167051	0.177837	0.327858	0.183973	0.18724	0.704577	0.425967	0.620841	1.0996	2.25965	1.10572	0.54848	1.2849	0.977912	0.736929	1.08459	0.136051	0.283975	0.0150763	0.220196	1.16828	2.13275	0.290154	0.116916	0.0247857	0.0540912	0.0819688	0.146092	0.476116	0.305941	0.439776	0.083883	0.00731947	0.0155259	0.0155406	0.0534042	0.0302022	0.229791	0.218301	0.30708	0.387146	0.17504	0.1954	0.522262	0.882609	1.2416	0.776167	0.804638	0.810498	0.993943	0.101244	0.072425	0.0340727	0.0703951	0.0342551	0.57888	0.263548	0.42584	0.147634	0.191848	1.01463	0.0699978	0.347166	0.170463	0.103783	0.151961	0.0415431	0.414866	0.0594439	0.0715464	0.845487	0.27423	0.900865	2.36353	1.73847	0.610121	0.172326	0.386043	0.61953	0.700786	0.0973829	0.866639	1.17022	0.671626	0.385264	0.0895416	2.12051	0.40979	6.69957
101	0.787502	0.168918	0.297886	0.705438	0.579408	0.0650027	0.385873	0.750177	2.26049	0.843659	0.393318	2.39465	1.70718	1.05824	0.115578	1.10109	0.852615	0.0791539	0.179685	1.44624	0.620687	0.0214703	0.109147	0.00783774	0.501144	0.0124833	0.476706	0.0239917	0.157864	0.179002	0.311081	0.262291	0.19856	0.827863	0.440911	0.597184	1.05622	2.37584	1.19124	0.607979	1.53995	1.17842	0.813722	1.04314	0.169187	0.311944	0.0190375	0.307605	1.2367	2.27171	0.334057	0.125899	0.0275461	0.0753852	0.113041	0.209736	0.520536	0.376153	0.403941	0.0785876	0.00940347	0.0201476	0.02022	0.0532545	0.0496791	0.288804	0.198882	0.264295	0.368253	0.145369	0.211106	0.650942	1.07435	1.49864	0.860488	0.896074	0.774834	1.048	0.111979	0.0783179	0.0367104	0.0754179	0.0369966	0.632875	0.294052	0.476003	0.117459	0.172111	1.14632	0.0366699	0.174313	0.0859589	0.0524301	0.08686	0.0304277	0.234771	0.0623062	0.0789772	0.802585	0.320899	0.921138	2.39386	1.89129	0.666935	0.181179	0.422643	0.694691	0.776105	0.113612	0.87965	1.36014	0.653131	0.238223	0.0936268	2.00401	0.497959	6.23323
102	3.74672	0.89135	1.80078	3.61584	2.77415	0.317592	1.85729	3.77844	13.2775	4.48298	2.09462	12.7365	9.17423	3.76926	0.530289	3.33869	2.23071	0.226923	0.493534	2.84194	1.79006	0.0884719	0.276002	0.0319424	1.15368	0.0526671	1.14123	0.0785934	0.421261	0.434661	0.688534	0.70783	0.530921	2.1616	1.30335	1.77645	3.18346	6.34432	3.17312	1.40129	2.46228	1.9329	1.229	3.08412	0.478552	0.709455	0.0715613	1.45917	6.62689	11.8991	0.868039	0.721859	0.106225	0.200858	0.261316	0.512436	1.33128	1.04833	0.920528	0.191165	0.0382086	0.0811361	0.0812433	0.160142	0.133418	0.641861	0.427954	0.544463	0.683824	0.307329	0.490732	1.17605	1.76939	2.39555	1.56941	2.26675	2.27005	2.71308	0.259996	0.231282	0.105391	0.208985	0.107025	1.70411	0.453464	0.720794	0.183833	0.26261	1.8337	0.0482904	0.207594	0.102932	0.063448	0.11159	0.064163	0.289247	0.321631	0.13415	0.791875	2.40548	5.81127	12.6841	9.33894	3.61024	1.0392	2.26133	3.22655	3.73537	0.561185	5.33644	6.60388	3.35049	0.958653	0.219521	10.4048	2.25107	34.6686
103	1.23079	0.295563	0.564809	1.0875	0.723571	0.0857681	0.495772	1.03771	3.63841	1.38898	0.768277	4.37497	3.86676	2.55506	0.229678	2.23865	0.804123	0.142527	0.46225	0.888592	0.552483	0.0432583	0.279694	0.0167585	1.29707	0.0267925	0.432789	0.0344265	0.13372	0.188415	0.241466	0.652615	0.234402	1.32845	0.56484	0.53481	0.961193	2.22995	0.934797	0.404052	0.745495	0.62226	0.359097	1.17849	0.320916	0.42057	0.0362447	0.343786	1.97899	5.32111	0.502096	0.292546	0.0519323	0.169565	0.224099	0.472815	0.826334	0.688877	0.27818	0.062712	0.019847	0.0425411	0.0426304	0.0596655	0.126156	0.524017	0.147579	0.217507	0.319979	0.10338	0.189732	0.361897	0.581067	0.776956	0.523218	0.6764	0.669299	0.77609	0.074498	0.0759138	0.033458	0.0631202	0.0338936	0.482268	0.134544	0.21132	0.0550957	0.0762701	0.590932	0.0157941	0.062	0.0308242	0.0192692	0.0352629	0.0262477	0.0864131	0.136947	0.0848067	0.325651	1.09697	1.7969	4.63083	3.48315	1.05844	0.365242	0.738795	0.963109	1.02282	0.147546	1.56085	2.99115	0.927677	0.26442	0.0631791	3.07163	0.590701	10.1394
105	3.65738	0.866745	1.68882	3.31201	2.43297	0.282605	1.65228	3.21639	11.016	4.19104	2.42791	14.0152	12.1566	7.67784	0.731018	6.74597	2.90477	0.392044	1.23294	3.37805	1.76886	0.125567	0.769952	0.0489842	3.48578	0.0786259	1.48219	0.103729	0.431343	0.606147	0.83564	1.6849	0.682244	3.62996	1.6595	1.72136	3.10063	6.91579	3.03796	1.37662	2.80626	2.30148	1.35808	4.17901	0.864162	1.21779	0.0992206	1.09049	6.10582	14.6099	1.38854	0.795188	0.143218	0.442162	0.609593	1.21727	2.23523	1.80602	0.995986	0.220141	0.0572404	0.122505	0.122726	0.182908	0.34569	1.52252	0.556722	0.742522	1.00975	0.364017	0.604037	1.28122	2.09797	2.8393	1.95108	2.17988	2.17574	2.53644	0.253586	0.234402	0.104546	0.200778	0.105741	1.55089	0.508576	0.798262	0.201239	0.28144	2.16683	0.0554198	0.226846	0.112628	0.0703087	0.12468	0.0800159	0.312213	0.367031	0.243755	1.08897	2.86725	6.44774	16.5414	11.6603	3.56628	1.03777	2.14897	3.11804	3.3775	0.485062	4.67699	8.33905	2.95984	0.804687	0.211875	9.73419	1.73774	31.3696
106	6.73644	1.74576	2.43958	5.59294	4.70354	0.586344	3.28704	6.56379	17.7226	6.08811	3.7747	22.6097	16.7431	9.20146	1.54678	8.2775	5.01158	0.773806	1.44027	6.06383	2.81179	0.343084	0.798028	0.120347	3.11213	0.198552	2.55982	0.239637	0.858789	1.11907	1.53801	1.58862	1.05734	4.26126	2.35034	2.86087	5.03047	10.2845	5.17655	2.51621	5.43808	4.3121	2.76087	6.97628	0.975908	1.73697	0.266719	3.32493	10.4687	17.1126	1.7186	1.00636	0.18402	0.43813	0.684126	1.32919	2.51487	2.02982	2.05312	0.461257	0.14648	0.306831	0.30335	0.394445	0.392608	1.63927	0.98099	1.30085	1.58387	0.716574	1.06192	2.33023	3.815	5.28718	3.48646	3.79867	3.63422	4.42214	0.458663	0.492117	0.209843	0.374949	0.215165	2.80393	1.02745	1.62133	0.442135	0.633863	4.17107	0.118228	0.468019	0.231482	0.143765	0.261302	0.206389	0.671072	1.00221	0.435404	1.89815	3.70822	8.24785	21.8121	24.6078	6.30716	1.58615	3.65582	5.59721	6.2662	1.06545	8.04079	11.7246	4.39932	1.35199	0.408553	14.1965	4.46543	43.3659
107	2.13492	0.466799	0.790582	2.37403	1.99225	0.226134	1.33743	2.17716	6.3011	2.76464	1.4616	7.46912	4.95157	2.65674	0.261577	2.39852	1.32455	0.114099	0.351842	1.54331	0.903626	0.0374769	0.212746	0.0135956	1.02273	0.0216977	0.635577	0.0355802	0.194013	0.262405	0.413084	0.542344	0.288347	1.36163	0.71294	0.864448	1.56002	3.20955	1.41519	0.683756	1.43806	1.14648	0.758492	1.85988	0.306932	0.471385	0.0312487	0.997669	4.87728	8.11157	0.534194	0.21382	0.0470901	0.145361	0.20372	0.394309	0.852794	0.57574	0.518776	0.102095	0.0164132	0.035139	0.0352415	0.071139	0.0986102	0.485762	0.245102	0.306622	0.414444	0.159487	0.269855	0.555424	1.00699	1.39575	0.871888	1.0754	1.07923	1.28918	0.127025	0.104162	0.048095	0.0969699	0.0485515	0.797662	0.277839	0.444382	0.111161	0.160317	1.1245	0.0272296	0.121957	0.0604539	0.037099	0.0640501	0.0299134	0.168323	0.114689	0.0771974	0.496675	1.12419	2.44862	6.11171	4.97901	2.93523	0.627349	1.45663	2.39084	2.67212	0.399339	3.40612	5.42533	1.61952	0.421817	0.107604	5.00819	1.1859	21.662
108	1.04842	0.214886	0.410764	1.48769	1.2162	0.140646	0.826962	0.883261	2.9421	1.53004	0.451295	2.24739	1.6683	0.913858	0.131059	0.83214	0.42911	0.0770905	0.181024	0.594831	0.415091	0.0292395	0.100127	0.0102197	0.425052	0.0167173	0.237506	0.0211899	0.0930488	0.106862	0.160866	0.262725	0.141743	0.649542	0.34428	0.405454	0.718837	1.47935	0.744894	0.306686	0.477079	0.411848	0.287128	0.582872	0.150233	0.212759	0.0249947	0.683878	2.12267	3.92567	0.254451	0.253645	0.0350312	0.0705669	0.0940752	0.193384	0.404396	0.376075	0.208285	0.0413348	0.0121115	0.0258081	0.0258654	0.0401653	0.0488705	0.200969	0.0911583	0.132422	0.182163	0.0694546	0.109874	0.278797	0.351143	0.481341	0.329301	0.495578	0.504789	0.58865	0.0567086	0.0571548	0.0252905	0.0479724	0.0257437	0.374154	0.105429	0.168728	0.0447831	0.0627097	0.429551	0.0116994	0.0461957	0.022999	0.0143293	0.0262159	0.0195743	0.0649989	0.110752	0.0450986	0.186025	0.531677	0.95626	2.1237	1.95709	0.81733	0.523564	1.03821	1.4395	1.66641	0.25212	1.67626	2.37541	0.750129	0.215831	0.0492605	2.39537	0.557679	9.99193
109	1.87066	0.391082	0.73577	3.17559	2.89684	0.333283	2.00037	1.5293	5.06498	2.70905	0.89018	4.36898	3.18131	1.87846	0.252236	1.71146	0.82246	0.148941	0.37212	1.04064	0.744352	0.0551358	0.206052	0.0192823	0.901417	0.0314344	0.439187	0.0394153	0.166119	0.199751	0.289025	0.542439	0.264511	1.27009	0.642336	0.717109	1.27702	2.67487	1.30801	0.537115	0.897988	0.790407	0.547365	1.12559	0.297171	0.412915	0.0474618	1.59379	4.00108	7.3456	0.493048	0.461215	0.0661683	0.144024	0.192081	0.398533	0.793353	0.727319	0.368119	0.074376	0.0230538	0.0491366	0.0492241	0.0733771	0.10056	0.402394	0.160168	0.240849	0.340968	0.124378	0.201691	0.513457	0.648255	0.900442	0.601849	0.874036	0.891655	1.03097	0.0991203	0.10241	0.0450378	0.0846377	0.0458115	0.64744	0.201266	0.321864	0.0852092	0.118601	0.826782	0.0206831	0.0798696	0.0398215	0.0249341	0.0459987	0.0358688	0.11188	0.204739	0.0873727	0.357652	0.982344	1.70312	3.78002	3.76386	1.5669	0.895093	2.27209	3.48055	4.00278	0.599038	2.99355	4.67084	1.30363	0.364019	0.0858073	4.23609	0.913975	17.7601
110	1.39583	0.280382	0.52801	2.51448	2.696	0.308746	2.01354	1.22077	3.82031	2.06776	0.810184	3.91588	2.6683	1.82403	0.170909	1.68385	0.728841	0.0939826	0.322055	0.857488	0.560393	0.0284793	0.188319	0.0104652	0.905246	0.016388	0.374364	0.0242797	0.12142	0.162865	0.242162	0.485795	0.200141	1.05417	0.497346	0.525407	0.939228	2.06753	0.868401	0.417779	0.783285	0.702141	0.481905	1.00691	0.24812	0.35575	0.0253305	1.46295	3.34047	6.15492	0.406866	0.164172	0.0361512	0.126593	0.174638	0.356552	0.673949	0.495429	0.296474	0.0576322	0.0125646	0.0270382	0.027126	0.0474833	0.0883152	0.385838	0.135326	0.190856	0.281889	0.0931396	0.169084	0.315532	0.529649	0.770348	0.513954	0.658887	0.651477	0.772064	0.0776173	0.066784	0.0303975	0.0599252	0.0306854	0.48697	0.17638	0.282407	0.0718068	0.103131	0.732974	0.0161721	0.0693148	0.0344666	0.0212112	0.0374879	0.0207411	0.0967126	0.089716	0.0625079	0.319293	0.663474	1.28654	3.06866	2.69453	1.35752	0.654369	1.84247	3.20414	3.69223	0.552391	2.31285	4.23649	0.969416	0.260185	0.0653764	3.01539	0.721784	12.2316
111	1.11161	0.251293	0.399386	1.86559	2.36016	0.274543	1.39284	0.846261	2.46946	1.54627	0.686781	3.09078	2.34195	1.86533	0.184335	1.69832	0.543411	0.123049	0.388138	0.555926	0.396993	0.0401329	0.224459	0.0144706	1.06399	0.0230452	0.300934	0.0278638	0.0920264	0.147736	0.181728	0.552173	0.18064	1.0631	0.438415	0.362275	0.649102	1.55525	0.660626	0.272729	0.530275	0.488394	0.318691	0.777199	0.260319	0.357557	0.0346718	1.36884	2.43532	5.65188	0.400786	0.278625	0.0459331	0.14099	0.19742	0.411136	0.679141	0.621547	0.209967	0.0446883	0.0174609	0.0374399	0.0375109	0.0452627	0.106228	0.411576	0.0915049	0.159034	0.253554	0.0726891	0.138967	0.294313	0.405447	0.560985	0.346244	0.443113	0.442252	0.496602	0.0501046	0.0561405	0.0240522	0.0432429	0.0244081	0.312843	0.117439	0.187772	0.0507727	0.0693848	0.515178	0.0124588	0.0449753	0.022491	0.0142145	0.027079	0.0243539	0.0633201	0.131786	0.07613	0.263644	0.730153	0.908757	2.19677	2.60581	1.03129	0.587703	1.58384	2.55868	3.05986	0.496312	1.77411	3.76465	0.626984	0.171251	0.0432488	2.11163	0.469176	8.60452
112	0.327774	0.0650575	0.119554	0.634598	1.13736	0.396561	0.462346	0.238698	0.728314	0.50658	0.204102	0.951903	0.637842	0.486905	0.044973	0.444971	0.166049	0.0271098	0.0921107	0.167638	0.127186	0.00845392	0.0535813	0.00316706	0.250847	0.00491532	0.083536	0.00649271	0.0265789	0.0383224	0.0511872	0.135762	0.0477538	0.26998	0.119724	0.10628	0.193982	0.450994	0.173211	0.0813405	0.164431	0.154048	0.100107	0.227249	0.0653694	0.0905762	0.00772524	1.44599	0.805705	1.58804	0.103071	0.0473185	0.0105597	0.034763	0.0477654	0.0996199	0.17467	0.132084	0.0614103	0.0124772	0.0038039	0.0081504	0.00814312	0.0116662	0.0251975	0.102741	0.0273933	0.0423737	0.0670053	0.0204092	0.0398185	0.0698034	0.113904	0.166972	0.103318	0.130176	0.132706	0.148457	0.0149399	0.014805	0.00648007	0.0120325	0.00651159	0.0861318	0.0370519	0.0590433	0.0146758	0.0195681	0.1579	0.00332313	0.0126023	0.00633955	0.00401365	0.00741551	0.00523324	0.0170266	0.0243055	0.0173578	0.0729742	0.173197	0.285009	0.684768	0.696518	0.331956	0.170475	0.484621	0.866625	1.14279	2.13099	0.519735	1.09791	0.19527	0.0437508	0.011971	0.659916	0.104038	2.91855
113	3.26778	0.684899	1.28046	3.56811	2.77133	0.322517	1.88077	2.42439	7.92442	5.26539	1.62161	7.57591	5.6517	3.7887	0.454417	3.39672	1.31118	0.310788	0.839394	1.66286	1.29302	0.111737	0.458806	0.0394866	2.03795	0.0635605	0.757946	0.0768879	0.285897	0.366234	0.494028	1.21421	0.499774	2.5848	1.2141	1.19022	2.12965	4.67571	2.07932	0.865491	1.44413	1.12265	0.659716	1.82308	0.620694	0.835141	0.0998424	1.16672	13.4749	20.5019	0.992474	0.754176	0.123323	0.316362	0.420466	0.891614	1.63422	1.40596	0.612392	0.126572	0.0474808	0.101051	0.10088	0.136534	0.22641	0.852327	0.260099	0.427056	0.641794	0.215623	0.369682	0.736615	1.18146	1.52621	0.934323	1.42802	1.48018	1.65725	0.158646	0.18166	0.0780563	0.141246	0.0792606	1.00665	0.244619	0.390206	0.105548	0.138412	1.04476	0.0345453	0.123074	0.0617137	0.0392943	0.0748669	0.0673269	0.170506	0.396862	0.180621	0.599731	1.8517	3.03583	6.70699	6.41629	2.92622	1.14492	2.38954	3.47701	3.83604	0.545023	25.1602	14.9668	2.09548	0.5368	0.135366	7.14638	1.2463	38.6883
114	7.26017	1.36782	2.89202	9.19438	7.61656	0.870756	5.09325	7.00475	23.9508	11.3582	3.42811	18.0956	11.9043	5.64749	0.685472	5.21107	3.50265	0.278776	0.740054	4.90623	3.19516	0.0966654	0.407918	0.0351793	1.81677	0.0554203	1.75698	0.098824	0.665303	0.689786	1.22258	1.20395	0.903774	3.67109	2.26784	3.14332	5.51416	11.126	5.19621	2.49619	4.41577	3.26053	2.15731	4.67632	0.802322	1.21537	0.0862477	5.07313	24.6318	37.3089	1.49801	0.622464	0.127538	0.338119	0.432934	0.860363	2.32499	1.40977	1.62116	0.301049	0.0410653	0.0884703	0.0891246	0.23214	0.199624	1.07195	0.736189	0.904733	1.18716	0.493974	0.777227	1.62638	3.14366	4.26452	2.7164	3.91217	3.94074	4.81003	0.466775	0.375684	0.176192	0.361664	0.178274	3.13562	0.785449	1.26062	0.317544	0.467207	3.11617	0.0857473	0.394645	0.195721	0.118758	0.204435	0.088576	0.556816	0.362702	0.185065	1.38943	2.66922	7.48647	16.7933	11.715	7.04944	2.31443	5.43317	8.84482	10.0813	1.59189	20.7265	27.9064	6.00834	1.70095	0.394019	17.5976	4.79066	85.2283
115	0.304457	0.0648263	0.0932155	0.166417	0.0694266	0.0104374	0.0555615	0.234112	0.852002	0.238705	0.206732	0.810216	0.926499	1.06687	0.0549316	0.960716	0.129903	0.0714423	0.308902	0.0701833	0.0891844	0.0164731	0.166893	0.00584809	0.910058	0.00892113	0.111607	0.0113951	0.0203136	0.0645302	0.0573616	0.459023	0.0926682	0.746046	0.223127	0.0696928	0.129584	0.555627	0.108249	0.0378734	0.0653596	0.080071	0.0298742	0.227344	0.189789	0.229905	0.0157439	0.0270817	0.298717	2.0406	0.269699	0.103175	0.0230703	0.11385	0.152121	0.334475	0.48306	0.428795	0.0361925	0.0100177	0.00780595	0.0168661	0.0168509	0.0148693	0.0838547	0.288499	0.0127118	0.0578672	0.130078	0.0177808	0.0528881	0.0426955	0.0861002	0.105898	0.0504134	0.0818344	0.0726074	0.0686972	0.00670257	0.0140251	0.00554255	0.00847972	0.00582265	0.0462574	0.0113506	0.0180128	0.0058395	0.00665045	0.0869171	0.00252091	0.00570468	0.00291529	0.00200164	0.00482837	0.00847478	0.00888763	0.115418	0.0441623	0.0964324	0.389706	0.177007	0.422913	0.734682	0.203528	0.109284	0.17298	0.190329	0.138525	0.0164332	0.199163	1.22896	0.270089	0.0681979	0.0063746	0.794553	0.153454	1.03472
116	0.233076	0.0435316	0.0794847	0.164123	0.088863	0.0107112	0.0619136	0.252134	1.22204	0.232481	0.111669	0.509478	0.533943	0.487647	0.0325656	0.447536	0.0978509	0.0359951	0.134156	0.0992207	0.10228	0.00923129	0.0736576	0.00325578	0.378153	0.00495407	0.0714585	0.00663608	0.0189952	0.0368	0.0408083	0.211019	0.0542493	0.367207	0.135138	0.0832274	0.155127	0.450449	0.15368	0.0683216	0.0884123	0.0926063	0.177775	0.149728	0.089895	0.110795	0.00890326	0.0305762	0.283355	1.08791	0.136909	0.0654695	0.0133595	0.0515297	0.0667608	0.150287	0.235101	0.199447	0.0400029	0.00916287	0.00427361	0.00901196	0.0089859	0.0102949	0.0361893	0.130879	0.015796	0.0374673	0.0725053	0.0151391	0.0353385	0.0563885	0.0800904	0.106104	0.0780903	0.100749	0.106757	0.119887	0.0131617	0.0164696	0.0070625	0.0129314	0.0103258	0.092595	0.053043	0.120821	0.0771108	0.414031	0.200717	0.00921774	0.0978232	0.0344203	0.0169428	0.0177445	0.0168806	0.155706	0.048149	0.0366004	0.0761501	0.219338	0.192294	0.438326	0.467179	0.149962	0.0750102	0.133853	0.147188	0.138775	0.0169808	0.208247	0.64138	0.359659	4.32945	0.0794538	0.955917	0.167984	1.29428
117	0.0495971	0.0101335	0.0184234	0.0364828	0.0211262	0.00260345	0.0149996	0.0265698	0.0957917	0.0530075	0.0270129	0.128439	0.113617	0.130942	0.010087	0.13269	0.0391487	0.0106835	0.0423734	0.0702552	0.0540951	0.00483652	0.0339973	0.00164914	0.150489	0.00253982	0.0220811	0.00231214	0.00741712	0.0237952	0.0307721	0.12525	0.0441042	0.251687	0.10082	0.105304	0.1886	0.575797	0.34996	0.191222	0.0558388	0.060134	0.0538057	0.052099	0.0570518	0.0675557	0.00422389	0.00739758	0.062226	0.252202	0.0961578	0.0573645	0.00860562	0.0311094	0.0366441	0.0838826	0.141006	0.0884003	0.033643	0.00628835	0.00212612	0.00401278	0.00354358	0.00469851	0.0126412	0.0578638	0.0119139	0.0215055	0.0396392	0.00749741	0.012911	0.0258395	0.0395373	0.0549033	0.122161	0.179699	0.162717	0.267677	0.0480652	0.0350607	0.0158966	0.0312347	0.0159561	0.242666	0.0202231	0.0326101	0.0182564	0.0974414	0.0841104	0.00112266	0.00615423	0.00224569	0.0012834	0.00238519	0.00209286	0.00510321	0.00665626	0.00771032	0.0254027	0.0357703	0.0417314	0.101787	0.123495	0.0343513	0.0137781	0.0260617	0.0340653	0.0318319	0.0041258	0.0449593	0.136164	0.0289581	0.0699398	0.264353	0.105523	0.0138157	0.338584
84	6.00291	1.13794	2.4535	5.42435	3.45042	0.388583	2.31823	8.75669	47.6322	6.66999	2.19888	11.9609	10.6565	6.44033	0.604688	5.87956	2.72782	0.416949	1.37027	3.92122	2.86372	0.127296	0.765432	0.0449065	3.78668	0.0713004	1.77278	0.114674	0.597697	0.710878	1.1033	2.16023	0.971497	4.94411	2.42361	2.67347	4.84956	10.3089	4.31981	2.00752	2.97221	2.52087	1.62029	3.83969	1.14582	1.56311	0.115298	1.29512	9.22161	19.2381	1.90912	0.8309	0.177893	0.568911	0.74529	1.55057	3.12842	2.21586	1.36555	0.269456	0.0561809	0.119906	0.119731	0.230206	0.372309	1.57433	0.591612	0.851892	1.27006	0.438482	0.741328	1.23582	2.13108	2.93476	2.1401	3.30598	3.33807	3.90596	0.371017	0.328518	0.151598	0.306041	0.160309	2.466	0.59953	0.953438	0.233158	0.319679	2.49958	0.0708971	0.298471	0.148821	0.0924473	0.165421	0.0926244	0.415411	0.637405	0.267597	1.2419	2.93812	6.19363	14.0618	9.24332	4.09919	1.55419	3.28077	4.35703	4.73125	0.654896	6.89601	11.4418	10.7664	2.65376	0.320871	0	9.50512	46.6888
118	1.46527	0.255144	0.238942	0.514035	0.299915	0.0357175	0.206596	2.10031	7.33297	0.723101	0.496562	2.07809	1.84552	1.81002	0.12714	1.61105	0.359543	0.113678	0.418715	0.300816	0.271771	0.0289397	0.246636	0.00996138	1.36188	0.0152853	0.259732	0.0217467	0.0612835	0.126809	0.14311	0.629546	0.153493	1.08423	0.380132	0.209936	0.392119	1.16027	0.351065	0.13999	0.274626	0.257791	0.141037	0.53173	0.27111	0.344516	0.0250335	0.104293	0.901056	3.82906	0.400129	0.197088	0.0403943	0.156886	0.212724	0.454734	0.706872	0.604931	0.135207	0.0304713	0.0133544	0.0285873	0.0284572	0.0287072	0.114465	0.440715	0.0494187	0.114063	0.223213	0.0464017	0.0982806	0.175239	0.266553	0.337159	0.182982	0.24955	0.248873	0.26468	0.0254375	0.0338082	0.0142861	0.0249305	0.0150299	0.165627	0.052732	0.0837523	0.0222023	0.0278632	0.271294	0.00733588	0.0240837	0.0121845	0.00785827	0.0157362	0.0156803	0.0338781	0.152445	0.0700957	0.203656	0.6634	0.55715	1.2599	1.86764	0.546589	0.245522	0.434014	0.50237	0.476412	0.0570505	0.659703	2.12882	1.09637	0.237709	0.0214995	4.90666	26.3128	4.31376
119	13.0893	2.26897	4.96096	13.8532	8.79161	0.998108	5.93657	10.1005	30.4342	17.7089	5.56878	26.8533	21.7675	13.6088	1.25235	12.2648	5.13402	0.874289	3.05341	7.51511	5.5666	0.263661	1.68569	0.0969641	7.9404	0.152747	2.95961	0.215543	1.14446	1.37697	2.13798	4.73674	1.97028	10.3842	4.87463	5.12479	9.60525	20.0632	8.20759	3.83597	5.81448	4.96724	2.98555	6.92586	2.43677	3.2954	0.252589	3.37559	27.7654	81.2698	3.98782	1.58827	0.354703	1.23791	1.62942	3.42148	6.58649	4.7504	2.53269	0.475293	0.115985	0.249049	0.249523	0.459609	0.827604	3.38799	1.13836	1.70274	2.58739	0.847911	1.51428	2.36229	4.19346	5.78032	4.11304	6.36905	6.36474	7.456	0.708569	0.641489	0.290449	0.570654	0.292628	4.47329	1.10101	1.7564	0.442524	0.611571	4.64143	0.133876	0.555843	0.276469	0.17226	0.306065	0.180999	0.757592	0.805753	0.562239	2.44957	6.46886	12.3243	26.9956	18.905	10.8698	4.19295	8.62603	11.2087	12.0949	1.68464	22.4154	38.4711	8.1139	2.03964	0.604637	26.9386	4.77995	0
